0.970143281,1,0.874069065,0.999166623,0.996492332,0.933431731
0.972568018,0.995169616,0.907094952,0.987572004,0.995463008,0.974498018
0.987596359,0.992544703,0.920877263,0.989495055,0.994023741,0.994275825
0.978307475,0.974220195,0.896985143,0.97638324,0.995257271,0.980811886
0.97918004,0.972649043,0.929455282,0.995286703,0.99279174,0.99928268
0.989711717,0.981393841,0.900923676,0.990320365,0.992176312,0.977649855
0.986540375,0.98876538,0.932775757,0.998611424,0.993818301,0.983631164
0.992273822,0.990943999,0.929834166,0.989770082,0.995257271,0.979053941
0.990152987,0.985289548,0.92539202,0.994457254,0.995257271,0.982220513
0.984344035,0.989781472,0.931066605,0.989770082,0.995257271,0.987166662
0.987772466,0.98081801,0.928792607,0.987572004,0.994229223,0.98575094
0.98909427,0.984133655,0.933155994,0.993628496,0.995257271,0.988939173
0.988741616,0.985000448,0.916664684,0.99252456,0.995463008,0.983631164
0.985924907,0.987170771,0.932110714,0.992248767,0.995257271,0.992137717
0.988741616,0.983267625,0.923225943,0.99252456,0.996286382,0.983984143
0.988917927,0.981970009,0.939069532,0.992800429,0.995257271,0.989649068
0.987332257,0.984278068,0.929455282,0.99252456,0.995463008,0.990714867
0.988124774,0.988185225,0.940505847,0.993904672,0.995463008,0.990714867
0.993424504,0.982114104,0.934868981,0.986748984,0.995668788,0.986458547
0.994665192,0.983844894,0.936966902,0.987846497,0.997110437,0.982572986
0.988300975,0.986157359,0.942808523,0.996393712,0.995257271,0.990004207
0.988124774,0.98920072,0.933536386,0.996393712,0.998554173,0.985043841
0.990152987,0.986591551,0.939165218,0.990320365,0.995257271,0.98610468
0.990152987,0.989491054,0.935059507,0.99142185,0.993202237,0.977649855
0.988036685,0.982979118,0.954698522,0.988670432,0.995257271,0.994989551
0.993956037,0.987170771,0.929644705,0.988395711,0.995051576,0.979053941
0.984958517,0.987170771,0.935440675,0.987572004,0.994229223,0.992137717
0.990859428,0.986157359,0.943385073,0.992800429,0.995463008,0.98610468
0.991212837,0.989491054,0.950621757,0.993904672,0.996492332,0.994275825
0.988477208,0.985868004,0.93849562,0.990870954,0.995463008,0.982925586
0.986980231,0.989491054,0.940122615,0.992248767,0.995463008,0.98575094
0.990859428,0.985434131,0.950234403,0.990870954,0.995668788,0.994275825
0.986452428,0.984278068,0.939452335,0.991146364,0.992586555,0.976247782
0.988477208,0.981105883,0.951106172,0.99142185,0.993818301,0.992493749
0.99068277,0.98920072,0.93954806,0.992248767,0.99279174,0.975897578
0.989976456,0.988185225,0.948010178,0.99252456,0.991151446,0.987875284
0.993335942,0.986736324,0.930213204,0.995010143,0.995051576,0.940153917
0.987332257,0.987605409,0.95372628,0.990870954,0.991766238,0.946245267
0.990771095,0.984711432,0.938878189,0.995010143,0.988696086,0.928421652
0.991654776,0.986012671,0.949653668,0.995286703,0.989923005,0.945905825
0.989182453,0.99269035,0.935631317,0.992800429,0.991766238,0.921783352
0.989006095,0.987750331,0.936203478,0.99142185,0.989718413,0.842399383
0.989976456,0.983411911,0.934012095,0.992800429,0.989718413,0.906369578
0.989799956,0.984422501,0.913122407,0.993352397,0.991151446,0.97275139
0.986628331,0.986736324,0.90046482,0.991973051,0.991151446,0.89956614
0.989358843,0.989345876,0.872200839,0.991973051,0.970674346,0.924432957
0.987596359,0.986736324,0.924638026,0.992248767,0.986042977,0.930756333
0.990594454,0.985289548,0.925863578,0.993904672,0.989718413,0.967877469
0.989799956,0.985868004,0.947044748,0.99252456,0.991151446,0.970311369
0.988829768,0.986446799,0.936394275,0.993628496,0.987266603,0.986458547
0.98909427,0.98876538,0.937826499,0.995286703,0.988083197,0.987875284
0.991124473,0.985434131,0.940218409,0.993904672,0.988696086,0.984337249
0.990859428,0.989636252,0.947044748,0.993076374,0.985431732,0.985043841
0.98944705,0.987025934,0.947430802,0.993904672,0.988900467,0.98575094
0.985837014,0.985434131,0.933536386,0.995286703,0.990332316,0.991426036
0.988653472,0.987170771,0.949750433,0.99556334,0.993818301,0.98610468
0.987068226,0.982979118,0.937348848,0.991146364,0.990537035,0.986458547
0.988653472,0.985434131,0.949653668,0.991146364,0.994640315,0.985397327
0.988389088,0.98847526,0.935726653,0.99142185,0.995668788,0.988584416
0.99032955,0.987605409,0.962708375,0.990320365,0.994023741,0.983984143
0.988124774,0.986302069,0.917973195,0.992248767,0.996286382,0.988584416
0.989976456,0.986736324,0.935535991,0.986474797,0.99587461,0.988939173
0.997506871,0.995607776,0.942136328,0.986748984,0.995257271,0.986458547
0.995286116,0.984133655,0.942424353,0.987297588,0.992996967,0.987520909
0.990859428,0.986012671,0.934773732,0.984284037,0.993818301,0.986812541
0.991654776,0.986157359,0.923602288,0.984010535,0.992381412,0.989294057
0.989006095,0.989491054,0.938113207,0.979917104,0.993612904,0.987166662
0.989976456,0.98876538,0.938973855,0.978012668,0.996080475,0.988229787
0.990947768,0.989055586,0.941752431,0.977197614,0.993818301,0.988939173
0.992539246,0.987895274,0.919283574,0.970971396,0.994640315,0.987166662
0.989006095,0.989491054,0.936775988,0.969084345,0.994640315,0.987166662
0.989623487,0.986302069,0.913215449,0.962642257,0.993818301,0.98610468
0.98909427,0.98847526,0.92539202,0.964248753,0.994023741,0.987520909
0.988389088,0.990943999,0.926996298,0.962374768,0.993612904,0.987520909
0.986628331,0.987460509,0.902669462,0.962374768,0.996080475,0.985043841
0.986716294,0.990071976,0.912564353,0.96023753,0.997316557,0.987520909
0.985837014,0.986881119,0.928508748,0.960771394,0.993612904,0.987166662
0.983729937,0.987750331,0.914798618,0.962107353,0.994229223,0.987520909
0.982502889,0.986736324,0.910057326,0.964516763,0.995257271,0.98610468
0.980228145,0.989636252,0.903497593,0.964248753,0.994229223,0.986458547
0.97778431,0.990362565,0.909315827,0.968007678,0.993612904,0.986812541
0.975694444,0.989345876,0.922755729,0.970971396,0.994640315,0.987875284
0.97552049,0.987460509,0.886897642,0.975027458,0.993612904,0.985043841
0.973001644,0.989781472,0.904510786,0.977740908,0.994434748,0.986458547
0.970402784,0.990362565,0.87273421,0.981007017,0.99587461,0.986458547
0.967724589,0.988620309,0.886445929,0.984010535,0.99587461,0.985043841
0.965570138,0.990943999,0.91237841,0.986200685,0.994640315,0.988229787
0.962304556,0.98876538,0.871223838,0.985652691,0.993407549,0.988229787
0.959306555,0.99021726,0.946369532,0.987023248,0.995051576,0.988939173
0.955806488,0.98847526,0.869538869,0.989220104,0.995257271,0.984690482
0.953338544,0.989781472,0.897899542,0.990045185,0.993407549,0.987166662
0.949267666,0.988620309,0.86195283,0.989770082,0.992996967,0.986812541
0.950537944,0.988330232,0.86856485,0.991973051,0.994640315,0.98610468
0.946985441,0.987895274,0.934583265,0.993076374,0.993818301,0.986812541
0.942101419,0.990798609,0.884371014,0.993352397,0.99587461,0.987875284
0.944119331,0.98847526,0.839846178,0.993904672,0.994640315,0.985043841
0.941933455,0.989491054,0.864239277,0.993904672,0.996080475,0.98610468
0.943193919,0.989636252,0.913308501,0.99473366,0.994640315,0.987875284
0.949183041,0.987605409,0.93773095,0.993628496,0.994229223,0.983278312
0.947323201,0.989055586,0.913773902,0.993904672,0.993407549,0.98610468
0.950283753,0.987025934,0.815393509,0.994457254,0.995257271,0.982220513
0.950453206,0.989926714,0.867945588,0.99556334,0.994434748,0.986812541
0.955806488,0.98920072,0.888797348,0.994457254,0.995257271,0.982220513
0.956403155,0.98876538,0.980427536,0.995286703,0.99279174,0.98575094
0.958879032,0.98847526,0.886626587,0.99473366,0.994023741,0.978000687
0.961361319,0.989345876,0.83941843,0.993904672,0.995257271,0.979405278
0.964967752,0.991380298,0.918440973,0.994180924,0.995257271,0.984337249
0.967465801,0.988620309,0.918160278,0.993904672,0.993612904,0.982220513
0.970489301,0.989055586,0.968414425,0.996670656,0.995257271,0.983631164
0.973782658,0.988185225,0.902761439,0.993352397,0.995257271,0.976948567
0.975781433,0.990507892,0.864944019,0.99473366,0.995051576,0.983984143
0.97778431,0.98847526,0.88464138,0.994180924,0.995257271,0.982220513
0.980665186,0.990943999,0.945598446,0.99473366,0.99587461,0.987520909
0.982240149,0.98847526,0.939643795,0.994180924,0.993818301,0.982220513
0.983817642,0.990362565,0.899822814,0.995840054,0.993818301,0.987166662
0.985221984,0.990071976,0.872023121,0.99473366,0.993818301,0.979405278
0.985837014,0.988620309,0.89288186,0.993628496,0.994023741,0.966142707
0.988212871,0.990071976,0.875584369,0.991973051,0.994023741,0.936114818
0.987948604,0.98920072,0.817556452,0.989770082,0.994023741,0.870357468
0.989623487,0.990507892,0.733037175,0.986748984,0.994023741,0.795973263
0.990152987,0.987750331,0.42992109,0.984831271,0.994640315,0.688568578
0.98944705,0.989781472,0.594797658,0.980734425,0.994023741,0.500522056
0.990594454,0.988620309,0.834897672,0.973132525,0.995051576,0.190663438
0.99032955,0.989926714,0.929076553,0.967469793,0.995257271,0.058730836
0.991212837,0.989781472,0.880146062,0.961305555,0.993818301,0.027656677
0.99032955,0.989781472,0.865208445,0.953589205,0.99587461,0.295583005
0.991477977,0.989055586,0.844824014,0.943834065,0.994229223,0.81446225
0.991654776,0.989345876,0.813733602,0.94016901,0.994229223,1
0.991566373,0.990071976,0.589128116,0.938081087,0.993612904,0.959578923
0.991124473,0.989636252,0.360994014,0.931845096,0.994640315,0.986812541
0.992185363,0.990071976,0.732887813,0.930034086,0.995463008,0.969615345
0.992716234,0.989636252,0.993804022,0.93417872,0.995051576,0.976948567
0.991301209,0.989781472,0.907742146,0.939907766,0.994229223,0.954086125
0.992185363,0.98876538,0.971676054,0.947250122,0.993818301,0.961646865
0.991654776,0.989926714,0.940697522,0.952529753,0.995463008,0.961646865
0.991743188,0.988620309,0.924355437,0.957572656,0.995257271,0.965449673
0.992096912,0.990798609,0.825676644,0.964784847,0.994023741,0.966142707
0.992362289,0.988620309,0.937157856,0.971241274,0.995257271,0.978351646
0.992627736,0.988620309,0.967625378,0.976926081,0.995463008,0.98610468
0.991477977,0.990071976,0.897899542,0.982098143,0.996080475,0.982925586
0.993070306,0.989055586,0.880056389,0.983463758,0.996080475,0.990004207
0.992096912,0.989345876,0.828541946,0.986474797,0.996080475,0.985397327
0.992539246,0.988620309,0.958792769,0.989220104,0.996080475,0.989294057
0.991301209,0.990362565,0.926807416,0.990045185,0.996080475,0.984690482
0.993070306,0.989055586,0.913680803,0.991973051,0.996080475,0.990004207
0.992627736,0.990362565,0.889069066,0.992248767,0.995463008,0.986812541
0.992273822,0.988620309,0.757254303,0.992800429,0.995668788,0.988584416
0.991743188,0.989926714,0.931730903,0.992800429,0.995463008,0.988229787
0.991743188,0.989491054,0.926996298,0.993904672,0.995463008,0.987166662
0.992096912,0.989926714,0.87799643,0.995286703,0.995257271,0.987166662
0.993513073,0.990071976,0.861162778,0.994457254,0.995257271,0.98575094
0.992981776,0.989636252,0.828710802,0.994180924,0.994023741,0.988584416
0.992716234,0.99021726,0.905894244,0.994457254,0.995463008,0.98610468
0.992627736,0.989491054,0.937539879,0.994457254,0.995463008,0.987875284
0.992716234,0.989636252,0.851738444,0.99473366,0.994640315,0.987166662
0.993070306,0.98847526,0.891336621,0.994457254,0.995463008,0.988939173
0.991654776,0.990507892,0.816224732,0.994180924,0.994640315,0.987520909
0.993247389,0.98876538,0.864327339,0.99473366,0.995668788,0.988584416
0.99280474,0.991089411,0.937348848,0.99473366,0.996286382,0.988939173
0.993513073,0.989781472,0.811167422,0.994457254,0.995668788,0.987520909
0.992981776,0.989345876,0.922285753,0.993628496,0.995257271,0.987520909
0.99280474,0.989926714,0.836685996,0.993628496,0.994434748,0.987166662
0.993867429,0.98876538,0.915917802,0.993076374,0.995463008,0.988939173
0.992273822,0.990071976,0.874158128,0.99252456,0.994229223,0.986812541
0.992716234,0.987750331,0.886536253,0.99252456,0.994229223,0.987520909
0.992627736,0.989055586,0.92454382,0.990595621,0.995668788,0.986812541
0.993513073,0.986736324,0.869007451,0.988670432,0.995463008,0.988584416
0.992450763,0.98847526,0.865737541,0.986748984,0.994640315,0.986812541
0.992539246,0.987605409,0.840445391,0.98592665,0.995257271,0.987875284
0.992981776,0.988620309,0.932300678,0.985105001,0.995051576,0.987875284
0.992627736,0.989055586,0.922285753,0.985105001,0.995668788,0.987520909
0.993070306,0.989345876,0.92256771,0.984831271,0.994229223,0.987875284
0.993158843,0.988040239,0.864679674,0.986748984,0.994229223,0.987166662
0.992273822,0.988040239,0.873089972,0.985378808,0.995668788,0.988584416
0.992362289,0.990507892,0.932110714,0.98592665,0.995668788,0.987166662
0.99360165,0.986012671,0.935250071,0.98894523,0.995463008,0.989294057
0.992627736,0.98920072,0.920033201,0.990320365,0.995463008,0.988229787
0.993070306,0.986881119,0.861513823,0.992248767,0.994229223,0.988584416
0.992716234,0.986157359,0.873801931,0.993352397,0.994229223,0.988229787
0.992716234,0.986012671,0.974849336,0.99473366,0.995463008,0.988229787
0.992450763,0.986736324,0.920971095,0.995010143,0.995668788,0.988229787
0.992893254,0.985289548,0.938208795,0.994180924,0.995668788,0.987520909
0.993247389,0.987025934,0.847669389,0.994180924,0.99587461,0.988584416
0.993158843,0.980386359,0.958304439,0.994180924,0.996286382,0.988584416
0.993070306,0.985000448,0.934107265,0.994457254,0.995668788,0.988584416
0.993158843,0.978230952,0.958792769,0.995010143,0.996698324,0.987166662
0.993070306,0.970510647,0.896893755,0.995286703,0.996698324,0.988939173
0.992716234,0.983411911,0.915731176,0.99473366,0.996698324,0.987875284
0.992627736,0.965397656,0.947044748,0.995286703,0.996492332,0.988229787
0.993070306,0.980098697,0.954601253,0.994457254,0.996492332,0.987875284
0.993070306,0.963133871,0.938973855,0.994457254,0.995668788,0.988584416
0.99280474,0.956233997,0.920502029,0.994457254,0.99587461,0.988229787
0.992716234,0.958762882,0.935821999,0.993628496,0.994229223,0.988229787
0.993247389,0.917070746,0.957230989,0.99252456,0.993202237,0.988584416
0.992539246,0.962003969,0.949556913,0.993628496,0.991766238,0.988229787
0.992893254,0.920170894,0.93849562,0.992800429,0.985839186,0.988229787
0.991831607,0.958903571,0.937348848,0.992248767,0.97590489,0.987520909
0.992893254,0.885597798,0.959183612,0.99142185,0.960495722,0.987520909
0.992185363,0.920305921,0.948396625,0.989495055,0.952390354,0.986458547
0.993070306,0.863780604,0.951300007,0.990320365,0.95179997,0.986812541
0.993424504,0.912373158,0.944924262,0.989220104,0.929058258,0.98575094
0.992273822,0.884039845,0.956451054,0.989220104,0.885374964,0.985397327
0.992539246,0.918417351,0.951106172,0.987297588,0.847415948,0.986458547
0.991831607,0.870524142,0.953143411,0.986200685,0.790723576,0.986458547
0.993158843,0.871930328,0.952172754,0.984010535,0.670903292,0.987520909
0.992273822,0.876676918,0.948976592,0.982098143,0.532146385,0.987875284
0.992893254,0.897765393,0.956938439,0.977740908,0.302230881,0.988939173
0.992362289,0.896580613,0.952463847,0.972862121,0.126569773,0.988229787
0.993247389,0.899479505,0.956353607,0.968276733,0.158324331,0.988584416
0.991920034,0.869758088,0.949460168,0.968815066,0.372625703,0.988229787
0.992893254,0.8956602,0.958402085,0.969892632,0.84374561,0.988939173
0.992096912,0.812155833,0.951978741,0.968815066,0.960694274,0.988584416
0.991566373,0.78855292,0.955282342,0.969353699,0.985635438,0.988584416
0.992185363,0.628235347,0.95382346,0.966932207,0.994229223,0.988939173
0.991831607,0.438786709,0.958597407,0.968276733,0.99587461,0.988229787
0.991124473,0.927354671,0.954601253,0.971241274,0.997110437,0.988584416
0.99032955,0.988620309,0.951590834,0.975840701,0.996904359,0.988229787
0.991566373,0.936791238,0.95537968,0.977740908,0.997316557,0.989294057
0.989623487,0.951475399,0.953531951,0.976926081,0.996080475,0.988939173
0.989976456,0.916801662,0.957718772,0.975298463,0.99587461,0.989649068
0.989799956,0.903580221,0.953143411,0.972051359,0.995257271,0.988584416
0.988741616,0.862640675,0.958109177,0.972321538,0.996080475,0.989294057
0.987332257,0.843242937,0.948686564,0.971511228,0.996904359,0.988939173
0.986540375,0.82597638,0.953531951,0.967738698,0.995257271,0.988939173
0.986012807,0.83144822,0.955574386,0.969353699,0.995668788,0.989294057
0.982590484,0.853324777,0.956451054,0.967200962,0.996080475,0.989294057
0.981189893,0.831204259,0.956061324,0.958637717,0.996286382,0.989649068
0.97647762,0.821504298,0.953531951,0.954915177,0.996286382,0.989294057
0.97647762,0.874492852,0.953046301,0.946197713,0.996492332,0.989294057
0.968760432,0.860491578,0.951881749,0.932622322,0.996492332,0.988939173
0.967724589,0.892904624,0.956256169,0.917965265,0.996080475,0.988939173
0.960162172,0.897765393,0.950815494,0.902033208,0.996286382,0.989294057
0.952149404,0.932402978,0.954212277,0.899279911,0.996286382,0.989294057
0.96213299,0.943412382,0.955282342,0.88835051,0.996286382,0.988229787
0.969624481,0.957076216,0.9547958,0.886870465,0.996492332,0.988584416
0.957597607,0.969798893,0.954212277,0.887116968,0.996286382,0.989294057
0.952489007,0.972363652,0.950912377,0.866166139,0.996492332,0.988584416
0.943530327,0.978230952,0.950040785,0.865444296,0.996904359,0.989649068
0.937994898,0.983267625,0.952560898,0.891070344,0.996492332,0.989294057
0.933823021,0.986012671,0.951300007,0.917455186,0.996492332,0.989294057
0.931744046,0.984133655,0.947720446,0.935737715,0.997316557,0.989294057
0.937326147,0.989345876,0.950718621,0.941476322,0.996286382,0.990004207
0.935239373,0.98081801,0.944250558,0.940430327,0.997935173,0.990359473
0.937911278,0.987895274,0.949460168,0.936518188,0.996492332,0.988939173
0.932907701,0.983267625,0.944346772,0.928484594,0.995668788,0.989649068
0.938245802,0.987170771,0.955477028,0.916945391,0.995463008,0.988939173
0.932325692,0.986157359,0.950815494,0.898280798,0.995668788,0.990004207
0.929586821,0.983700545,0.934583265,0.879751601,0.996286382,0.989649068
0.925782421,0.987025934,0.947430802,0.85516374,0.996698324,0.990004207
0.916993176,0.986736324,0.955866519,0.838455473,0.995668788,0.989649068
0.922157999,0.984422501,0.944924262,0.81956442,0.996492332,0.989649068
0.912263838,0.984711432,0.926807416,0.806011904,0.99587461,0.989649068
0.913158904,0.985289548,0.933441274,0.786102172,0.997728925,0.990004207
0.90707356,0.984855929,0.95285211,0.759474051,0.996698324,0.989649068
0.918875386,0.986446799,0.943000667,0.749618545,0.996698324,0.990004207
0.897981468,0.987750331,0.903865896,0.767963714,0.995463008,0.989649068
0.909421736,0.984566956,0.928130405,0.797544793,0.996904359,0.990359473
0.910557513,0.985868004,0.95986797,0.815248315,0.996698324,0.990714867
0.929918376,0.989345876,0.911170709,0.812082579,0.996492332,0.989649068
0.923721347,0.988330232,0.907927143,0.825049019,0.995463008,0.990004207
0.926855996,0.985289548,0.936012719,0.845475104,0.996904359,0.990004207
0.91666623,0.987605409,0.93249068,0.866888584,0.994229223,0.990004207
0.932907701,0.986157359,0.907927143,0.887856887,0.995051576,0.990004207
0.926773369,0.988040239,0.916758088,0.907565115,0.995463008,0.990359473
0.930001284,0.982979118,0.914798618,0.922825176,0.993612904,0.990359473
0.923392001,0.983844894,0.926240998,0.937038864,0.995668788,0.990004207
0.93025005,0.985000448,0.897716588,0.951207093,0.99279174,0.990714867
0.93690842,0.985868004,0.905432856,0.95943729,0.992586555,0.990359473
0.935823201,0.984422501,0.923602288,0.966394919,0.993818301,0.990359473
0.937576873,0.986302069,0.923696398,0.973403004,0.994434748,0.989294057
0.942185413,0.986881119,0.902025884,0.978556414,0.994640315,0.990004207
0.950368476,0.985289548,0.900006197,0.982371114,0.992381412,0.989649068
0.9466478,0.981393841,0.932775757,0.983463758,0.983803599,0.988939173
0.950199037,0.974649131,0.915824484,0.985105001,0.99279174,0.989294057
0.954784496,0.978518065,0.909593818,0.987572004,0.996286382,0.988939173
0.960333387,0.981825935,0.922473715,0.987846497,0.994434748,0.987520909
0.962390351,0.985434131,0.929928911,0.987846497,0.993407549,0.986812541
0.963506378,0.980961936,0.935059507,0.986474797,0.994229223,0.985397327
0.970316275,0.986012671,0.900923676,0.986200685,0.993612904,0.984337249
0.970056795,0.987895274,0.934392836,0.988395711,0.992996967,0.983984143
0.974303682,0.98847526,0.941848391,0.987572004,0.994434748,0.982925586
0.974824986,0.987460509,0.949556913,0.988670432,0.99587461,0.983278312
0.978918189,0.987605409,0.916477907,0.986748984,0.99587461,0.981515947
0.978918189,0.989781472,0.934488045,0.988121065,0.995668788,0.982572986
0.982590484,0.98920072,0.94685178,0.989220104,0.996698324,0.982572986
0.982590484,0.989926714,0.938973855,0.988670432,0.996904359,0.983984143
0.984958517,0.989781472,0.933441274,0.989770082,0.995668788,0.984690482
0.984782912,0.989926714,0.924449624,0.98894523,0.996698324,0.98575094
0.987068226,0.98847526,0.935821999,0.990320365,0.996492332,0.987166662
0.989182453,0.990362565,0.925674926,0.989495055,0.996904359,0.988939173
0.989006095,0.988330232,0.916384532,0.990320365,0.995463008,0.988939173
0.991036117,0.988620309,0.892063459,0.990595621,0.996698324,0.988939173
0.99068277,0.987750331,0.882840504,0.989220104,0.997110437,0.989649068
0.991654776,0.988330232,0.856786767,0.991146364,0.996698324,0.990004207
0.991920034,0.989055586,0.794157241,0.989495055,0.996286382,0.989649068
0.991566373,0.988620309,0.833962457,0.991973051,0.996904359,0.990714867
0.992539246,0.988620309,0.911170709,0.98894523,0.996904359,0.989294057
0.99280474,0.986881119,0.928508748,0.990320365,0.99587461,0.990004207
0.99280474,0.98920072,0.930497584,0.990045185,0.996904359,0.990004207
0.993424504,0.987025934,0.93011843,0.991146364,0.996080475,0.990359473
0.994044654,0.987460509,0.938686885,0.98894523,0.996492332,0.989649068
0.993247389,0.985289548,0.946369532,0.988670432,0.997316557,0.990359473
0.99457652,0.987460509,0.945116837,0.989220104,0.997110437,0.989649068
0.992627736,0.98920072,0.940122615,0.991146364,0.997110437,0.991070388
0.994399199,0.987895274,0.950331227,0.990595621,0.996904359,0.990359473
0.994399199,0.98920072,0.955477028,0.990320365,0.996698324,0.991426036
0.995286116,0.986446799,0.946658851,0.989220104,0.996492332,0.990359473
0.994399199,0.98920072,0.942232326,0.992248767,0.996698324,0.991426036
0.994310551,0.985723358,0.943000667,0.99142185,0.996286382,0.990359473
0.994399199,0.986302069,0.954212277,0.990320365,0.996492332,0.990359473
0.994842559,0.987605409,0.945791159,0.992800429,0.99587461,0.990714867
0.99457652,0.98920072,0.915544589,0.99252456,0.996080475,0.990004207
0.994665192,0.986012671,0.932775757,0.990320365,0.996698324,0.988939173
0.99599622,0.986302069,0.951203085,0.99142185,0.997316557,0.986812541
0.99457652,0.987895274,0.940505847,0.99252456,0.996492332,0.985397327
0.994133279,0.987895274,0.942520381,0.993076374,0.99587461,0.982925586
0.993956037,0.987605409,0.931730903,0.993352397,0.996286382,0.982220513
0.994487856,0.984422501,0.926901852,0.992248767,0.997110437,0.983984143
0.994753871,0.989345876,0.940697522,0.993628496,0.996286382,0.988229787
0.994310551,0.98876538,0.943673479,0.995010143,0.996904359,0.990714867
0.99457652,0.98876538,0.945694798,0.994180924,0.996492332,0.991070388
0.99457652,0.985723358,0.940697522,0.991973051,0.996492332,0.990714867
0.994665192,0.988330232,0.918815367,0.99473366,0.996286382,0.991070388
0.993956037,0.98847526,0.928887246,0.996116844,0.996904359,0.991070388
0.994665192,0.987605409,0.953920649,0.996116844,0.996492332,0.991426036
0.994044654,0.987460509,0.934678494,0.996116844,0.99752272,0.991426036
0.994842559,0.987460509,0.947817013,0.99556334,0.997110437,0.991070388
0.994221911,0.989055586,0.947623888,0.996670656,0.997110437,0.991426036
0.994310551,0.988330232,0.932870801,0.996393712,0.997316557,0.990714867
0.994221911,0.989636252,0.945309451,0.996670656,0.997110437,0.990714867
0.994310551,0.987605409,0.947334274,0.995840054,0.998554173,0.991070388
0.99510867,0.987750331,0.948879906,0.995840054,0.997316557,0.991070388
0.994221911,0.989636252,0.950815494,0.996670656,0.997728925,0.991070388
0.994931255,0.98876538,0.947430802,0.996670656,0.998554173,0.991426036
0.995019958,0.989491054,0.949266708,0.99556334,0.997728925,0.991426036
0.995197389,0.988330232,0.948396625,0.996116844,0.99752272,0.991426036
0.994753871,0.98876538,0.953046301,0.996116844,0.998554173,0.991781813
0.995019958,0.988185225,0.955963917,0.996393712,0.997110437,0.991426036
0.994842559,0.989636252,0.955671754,0.996393712,0.997316557,0.991781813
0.995818646,0.98876538,0.956451054,0.996947678,0.996904359,0.991781813
0.99510867,0.990071976,0.959379093,0.996947678,0.997316557,0.991781813
0.994842559,0.98847526,0.95986797,0.996947678,0.996080475,0.991426036
0.995197389,0.990798609,0.959281347,0.996947678,0.996904359,0.991781813
0.99510867,0.989055586,0.95986797,0.997779204,0.997110437,0.991781813
0.995729872,0.98876538,0.964377346,0.996947678,0.997316557,0.992137717
0.995286116,0.98847526,0.961727977,0.997224776,0.99752272,0.991426036
0.995374852,0.988620309,0.964180847,0.998056534,0.997110437,0.992137717
0.995374852,0.99021726,0.967132549,0.997779204,0.996492332,0.992137717
0.995907429,0.988620309,0.964672171,0.997779204,0.996286382,0.991426036
0.995197389,0.989781472,0.962708375,0.997779204,0.99752272,0.992137717
0.995818646,0.98876538,0.967625378,0.998611424,0.997316557,0.991426036
0.995907429,0.991089411,0.969796807,0.998611424,0.996904359,0.991070388
0.99599622,0.989926714,0.967822579,0.998611424,0.996286382,0.991426036
0.995907429,0.990362565,0.968907907,0.998888985,0.996286382,0.992493749
0.996173824,0.989055586,0.968513102,0.998611424,0.996080475,0.992493749
0.996706829,0.989491054,0.966738468,0.998056534,0.997728925,0.992137717
0.996795691,0.990507892,0.969599203,0.99833394,0.996904359,0.992493749
0.996262639,0.990071976,0.971280121,0.99833394,0.996492332,0.992493749
0.996795691,0.991089411,0.970785431,0.998056534,0.99587461,0.991781813
0.997062324,0.990071976,0.970884349,0.997779204,0.996286382,0.992137717
0.996795691,0.991089411,0.971676054,0.997224776,0.996286382,0.991781813
0.997240119,0.989345876,0.970587626,0.997779204,0.996286382,0.992137717
0.997062324,0.991089411,0.971478067,0.997224776,0.996286382,0.991426036
0.996795691,0.990071976,0.972171197,0.997224776,0.996080475,0.991070388
0.996795691,0.989926714,0.972468405,0.996670656,0.996080475,0.991781813
0.996617975,0.989781472,0.972864822,0.997224776,0.996080475,0.991781813
0.997595804,0.990071976,0.972072148,0.996670656,0.996080475,0.992137717
0.996440291,0.990362565,0.972468405,0.997224776,0.996286382,0.992493749
0.997151218,0.989345876,0.971775062,0.997224776,0.996492332,0.992493749
0.997240119,0.990943999,0.972963952,0.997779204,0.996080475,0.991781813
0.997151218,0.989781472,0.973558942,0.998056534,0.996080475,0.992493749
0.996884561,0.991089411,0.974055045,0.997779204,0.996080475,0.992849908
0.996973439,0.989926714,0.973459752,0.996947678,0.996080475,0.992493749
0.996706829,0.990507892,0.972369325,0.997224776,0.996492332,0.991781813
0.996884561,0.989781472,0.973360571,0.998056534,0.996080475,0.992493749
0.997240119,0.990362565,0.975048009,0.998611424,0.996698324,0.992137717
0.997595804,0.990798609,0.974352828,0.998611424,0.997316557,0.991781813
0.997240119,0.99021726,0.974948667,0.999444338,0.996080475,0.992849908
0.996884561,0.990943999,0.975644274,0.998888985,0.997110437,0.992849908
0.997595804,0.989926714,0.974253557,0.999166623,0.997316557,0.992137717
0.996973439,0.991380298,0.974948667,0.998611424,0.99752272,0.992137717
0.997684746,0.989636252,0.975147361,0.999444338,0.996286382,0.992137717
0.997417946,0.990943999,0.975743687,0.998611424,0.997316557,0.992493749
0.997417946,0.99021726,0.975644274,0.999444338,0.99752272,0.993206196
0.997151218,0.991380298,0.976539354,0.998888985,0.996080475,0.992493749
0.997062324,0.989345876,0.975048009,0.999444338,0.99752272,0.992849908
0.997240119,0.990362565,0.975048009,0.999444338,0.99752272,0.992493749
0.997417946,0.990362565,0.976340377,0.999166623,0.99752272,0.992849908
0.996973439,0.990798609,0.976738373,0.999166623,0.99752272,0.992137717
0.996617975,0.990507892,0.976837897,0.998611424,0.99752272,0.993206196
0.997151218,0.990071976,0.97614144,0.999166623,0.99752272,0.992493749
0.996706829,0.991671272,0.977435256,0.998888985,0.99752272,0.992137717
0.997506871,0.989636252,0.975644274,0.998888985,0.99752272,0.992493749
0.997240119,0.991525774,0.977734073,0.99833394,0.99752272,0.992849908
0.996617975,0.990943999,0.976837897,0.996947678,0.997316557,0.992493749
0.996795691,0.991525774,0.977136531,0.996670656,0.99752272,0.992849908
0.996795691,0.990071976,0.977933334,0.997224776,0.99752272,0.993206196
0.996706829,0.991234844,0.977734073,0.997224776,0.99752272,0.992137717
0.996795691,0.99021726,0.977634457,0.997224776,0.99752272,0.992849908
0.997062324,0.99021726,0.978032981,0.997224776,0.996698324,0.992849908
0.997240119,0.991234844,0.978830515,0.996947678,0.997316557,0.992849908
0.997595804,0.990507892,0.978032981,0.997501951,0.997316557,0.992137717
0.996706829,0.991380298,0.978232303,0.99833394,0.997316557,0.992849908
0.996884561,0.99021726,0.978032981,0.998611424,0.997728925,0.992849908
0.997595804,0.992107891,0.978032981,0.998056534,0.99752272,0.992849908
0.996884561,0.989926714,0.978232303,0.99833394,0.996492332,0.992493749
0.997240119,0.990943999,0.978431666,0.99833394,0.997728925,0.992493749
0.997684746,0.990362565,0.978431666,0.998888985,0.99752272,0.993206196
0.997684746,0.99181679,0.978930253,0.998611424,0.997728925,0.992493749
0.997506871,0.991380298,0.979229526,0.998611424,0.997728925,0.992849908
0.997951617,0.991234844,0.97903,0.998611424,0.997728925,0.992849908
0.997951617,0.991671272,0.979229526,0.99833394,0.996492332,0.992849908
0.997506871,0.989781472,0.979429093,0.99833394,0.99752272,0.992849908
0.997951617,0.991234844,0.980227766,0.998056534,0.99752272,0.992849908
0.997773695,0.990798609,0.978930253,0.99833394,0.996904359,0.993206196
0.997595804,0.992107891,0.979928187,0.997779204,0.997728925,0.992493749
0.997506871,0.990362565,0.978830515,0.997501951,0.996698324,0.993206196
0.997773695,0.991380298,0.980028036,0.997501951,0.996286382,0.992849908
0.997595804,0.990943999,0.979728519,0.997501951,0.996492332,0.992849908
0.998218559,0.991234844,0.979528891,0.996670656,0.997728925,0.993562611
0.997951617,0.990943999,0.980028036,0.996947678,0.996286382,0.993206196
0.998218559,0.991089411,0.979928187,0.996670656,0.996492332,0.992849908
0.998040589,0.991525774,0.980827198,0.997501951,0.996492332,0.993206196
0.997773695,0.990071976,0.980028036,0.996947678,0.996492332,0.992849908
0.997951617,0.991234844,0.980927139,0.997779204,0.996492332,0.993562611
0.998218559,0.990071976,0.980927139,0.99833394,0.996492332,0.993206196
0.997506871,0.991525774,0.981127051,0.998056534,0.996492332,0.993919154
0.997417946,0.990507892,0.98102709,0.997501951,0.996492332,0.993206196
0.997862652,0.991234844,0.98102709,0.997224776,0.996080475,0.992493749
0.997684746,0.990507892,0.980927139,0.997779204,0.995668788,0.993206196
0.997951617,0.990071976,0.981327004,0.997501951,0.993202237,0.993206196
0.997506871,0.990362565,0.981727033,0.997501951,0.9909466,0.993919154
0.997595804,0.991234844,0.981426996,0.997501951,0.989513863,0.993562611
0.996884561,0.992107891,0.981526998,0.997501951,0.986042977,0.993206196
0.997506871,0.990362565,0.98102709,0.997779204,0.985839186,0.993562611
0.997062324,0.99269035,0.982127225,0.997224776,0.993407549,0.993562611
0.997417946,0.990943999,0.98252758,0.997501951,0.996698324,0.993919154
0.997417946,0.991089411,0.982027162,0.997779204,0.997728925,0.993206196
0.996529129,0.989926714,0.981827066,0.997779204,0.997110437,0.992849908
0.996529129,0.99196233,0.98252758,0.997779204,0.997728925,0.993206196
0.996173824,0.990943999,0.982427476,0.997501951,0.997316557,0.993919154
0.996973439,0.991234844,0.982327382,0.996947678,0.998141464,0.993919154
0.996262639,0.991525774,0.982027162,0.997501951,0.997316557,0.993919154
0.996529129,0.990362565,0.982027162,0.997779204,0.997728925,0.993206196
0.996351461,0.991671272,0.983028253,0.997224776,0.997935173,0.994275825
0.996617975,0.990362565,0.981927109,0.998056534,0.997935173,0.993562611
0.99599622,0.992107891,0.982227298,0.998056534,0.996698324,0.994275825
0.996085018,0.989781472,0.982627694,0.99833394,0.997935173,0.993919154
0.996262639,0.990507892,0.983428975,0.998611424,0.997728925,0.993206196
0.996884561,0.990362565,0.983028253,0.999166623,0.998141464,0.994275825
0.997240119,0.990798609,0.983729624,0.998611424,0.997935173,0.993919154
0.996973439,0.989926714,0.983829861,0.99833394,0.996904359,0.993562611
0.997240119,0.990507892,0.98252758,0.998611424,0.997110437,0.993919154
0.997151218,0.991380298,0.983930108,0.998611424,0.997110437,0.994275825
0.997506871,0.989926714,0.984030365,0.998056534,0.99752272,0.993562611
0.997595804,0.991089411,0.984531804,0.998056534,0.99752272,0.994632624
0.997684746,0.98876538,0.983629398,0.99833394,0.997316557,0.994275825
0.997506871,0.990362565,0.984933139,0.99833394,0.997110437,0.994632624
0.996884561,0.987750331,0.984431496,0.998056534,0.998967053,0.995346606
0.998040589,0.989491054,0.984531804,0.99833394,0.998760592,0.995346606
0.997595804,0.987460509,0.983930108,0.998611424,0.998967053,0.996418541
0.997062324,0.986157359,0.984030365,0.999166623,0.998141464,0.997133805
0.997595804,0.985144988,0.985133868,0.999444338,0.99752272,0.998207664
0.997862652,0.986302069,0.983829861,0.998888985,0.998967053,0.998207664
0.997062324,0.985723358,0.983930108,0.999166623,0.998554173,0.998207664
0.998663621,0.981970009,0.983829861,1,0.996904359,0.99928268
0.998218559,0.985723358,0.985234248,0.998888985,0.997728925,0.998565874
0.996973439,0.982690695,0.985234248,0.99972213,0.996904359,0.996776109
0.997951617,0.984711432,0.984130632,0.998611424,0.99587461,0.994275825
0.996529129,0.980674106,0.982727819,0.998888985,0.995463008,0.993206196
0.996351461,0.987025934,0.984130632,0.997779204,0.995257271,0.992493749
0.99457652,0.983844894,0.986339101,0.99833394,0.995257271,0.991426036
0.996795691,0.986012671,0.985133868,0.996670656,0.993818301,0.992849908
0.994487856,0.984278068,0.986841716,0.997224776,0.993202237,0.992849908
0.997506871,0.983556217,0.985435038,0.998056534,0.995668788,0.993206196
0.994931255,0.983844894,0.983930108,0.996116844,0.996080475,0.993562611
0.996617975,0.982834896,0.98423091,0.996116844,0.993202237,0.992137717
0.995286116,0.986446799,0.984331198,0.995286703,0.994023741,0.993206196
0.995818646,0.980961936,0.983629398,0.99833394,0.993407549,0.993562611
0.994310551,0.986736324,0.985234248,0.997224776,0.99752272,0.994632624
0.995197389,0.984855929,0.98423091,0.99833394,0.994229223,0.993919154
0.99839656,0.99021726,0.983930108,0.996393712,0.995463008,0.994275825
0.997062324,0.986012671,0.983028253,0.99556334,0.996698324,0.994989551
0.995463595,0.989055586,0.984933139,0.995286703,0.997110437,0.99570379
0.994133279,0.988620309,0.987344588,0.995010143,0.997935173,0.996418541
0.993247389,0.990071976,0.987344588,0.995286703,0.997110437,0.994989551
0.993158843,0.991089411,0.987243993,0.99473366,0.998141464,0.994275825
0.99510867,0.990943999,0.987344588,0.994180924,0.997110437,0.994275825
0.997417946,0.993127418,0.987344588,0.993904672,0.998141464,0.994275825
0.999643458,0.989345876,0.986841716,0.995010143,0.998141464,0.993919154
0.999465234,0.992253474,0.987948372,0.994457254,0.997935173,0.994275825
0.999465234,0.991234844,0.987243993,0.994457254,0.997935173,0.994275825
0.999376134,0.993127418,0.987646434,0.993628496,0.998554173,0.994275825
0.999019814,0.991671272,0.987948372,0.993628496,0.997728925,0.994275825
0.999821713,0.992107891,0.9883511,0.993076374,0.998760592,0.994275825
0.999732581,0.990798609,0.988149716,0.99252456,0.99752272,0.994632624
0.998752658,0.990507892,0.987847716,0.99252456,0.997316557,0.993919154
0.999019814,0.99181679,0.988149716,0.99252456,0.997316557,0.994275825
0.999376134,0.989636252,0.988451808,0.993904672,0.99752272,0.994275825
0.999554342,0.992836018,0.989056269,0.993904672,0.998141464,0.994632624
0.999197958,0.989055586,0.988552526,0.994457254,0.998141464,0.993919154
0.998752658,0.992107891,0.989459448,0.995010143,0.996904359,0.993919154
0.998930754,0.990071976,0.988552526,0.99556334,0.997110437,0.994275825
0.999197958,0.991089411,0.990165408,0.996393712,0.998141464,0.994632624
0.999197958,0.990362565,0.9896611,0.997501951,0.998141464,0.994275825
0.999643458,0.992981707,0.988854741,0.997224776,0.998554173,0.993562611
0.998841702,0.991525774,0.989157048,0.997779204,0.997110437,0.994275825
0.999732581,0.989636252,0.989358638,0.997779204,0.997110437,0.994632624
0.999019814,0.992107891,0.989963654,0.998056534,0.997316557,0.994632624
0.999019814,0.989636252,0.989257838,0.99833394,0.997935173,0.994989551
0.999019814,0.99196233,0.989761941,0.998056534,0.997110437,0.994632624
0.998663621,0.98847526,0.988552526,0.998611424,0.997316557,0.994989551
0.998485573,0.99196233,0.989257838,0.997779204,0.997110437,0.993919154
0.999197958,0.990071976,0.989056269,0.998611424,0.997316557,0.994275825
0.998752658,0.991671272,0.990165408,0.997501951,0.997316557,0.993562611
0.999019814,0.990507892,0.990770917,0.998611424,0.997110437,0.994275825
0.999287042,0.990071976,0.990770917,0.996947678,0.997316557,0.994632624
0.99839656,0.990798609,0.990367203,0.996670656,0.997110437,0.994989551
0.998485573,0.990943999,0.990266301,0.996670656,0.996904359,0.993919154
0.998752658,0.991671272,0.99056904,0.995840054,0.997110437,0.994632624
0.999019814,0.989345876,0.990266301,0.996670656,0.99752272,0.994275825
0.998663621,0.992107891,0.991477813,0.997501951,0.996492332,0.994275825
0.998485573,0.989926714,0.990669973,0.996670656,0.996080475,0.994275825
0.999197958,0.99269035,0.991679875,0.996393712,0.996080475,0.994632624
0.998307555,0.98876538,0.991477813,0.996393712,0.996286382,0.994632624
0.999197958,0.991089411,0.990871872,0.996116844,0.997110437,0.994989551
0.998218559,0.991089411,0.991376797,0.995286703,0.996080475,0.994275825
0.99839656,0.989345876,0.991578839,0.996393712,0.996080475,0.994632624
0.99812957,0.990507892,0.991578839,0.99556334,0.996286382,0.994989551
0.998307555,0.990943999,0.991578839,0.99556334,0.997110437,0.994275825
0.998218559,0.992107891,0.992185212,0.99473366,0.996080475,0.994275825
0.997151218,0.988620309,0.992084124,0.993628496,0.996080475,0.994989551
0.997684746,0.992981707,0.992994287,0.991973051,0.996286382,0.994989551
0.997151218,0.989926714,0.992488538,0.990870954,0.996286382,0.994989551
0.996795691,0.992107891,0.992893117,0.989220104,0.996286382,0.994275825
0.997062324,0.98876538,0.991679875,0.987846497,0.996080475,0.995346606
0.996973439,0.991671272,0.992387419,0.986748984,0.996080475,0.994275825
0.996440291,0.989345876,0.993399072,0.986200685,0.997316557,0.994275825
0.996262639,0.98847526,0.992286311,0.985652691,0.997316557,0.994989551
0.995374852,0.99181679,0.992589667,0.984557616,0.997110437,0.993919154
0.994842559,0.99181679,0.992387419,0.985105001,0.997110437,0.994632624
0.995019958,0.991089411,0.992589667,0.984557616,0.997110437,0.994275825
0.994753871,0.986446799,0.992185212,0.983737108,0.998760592,0.994989551
0.995019958,0.99327315,0.993399072,0.982644161,0.997110437,0.994989551
0.993956037,0.98876538,0.993196659,0.982371114,0.997316557,0.994989551
0.994399199,0.990507892,0.993905285,0.981279685,0.997316557,0.994632624
0.993158843,0.98847526,0.993905285,0.982371114,0.997935173,0.994989551
0.994487856,0.990798609,0.993702769,0.982371114,0.997316557,0.994632624
0.994044654,0.98847526,0.993399072,0.982917284,0.997316557,0.994989551
0.994310551,0.98920072,0.99329786,0.982917284,0.997728925,0.994632624
0.993690235,0.989926714,0.993399072,0.981552429,0.998554173,0.994275825
0.994044654,0.989491054,0.994107843,0.981007017,0.998554173,0.994632624
0.993158843,0.990071976,0.994918485,0.981279685,0.997316557,0.994632624
0.993335942,0.990507892,0.994107843,0.981825248,0.99752272,0.994989551
0.992893254,0.99269035,0.994209137,0.981007017,0.998760592,0.994275825
0.992273822,0.985000448,0.994006559,0.982098143,0.998554173,0.994632624
0.99280474,0.992253474,0.995019862,0.982917284,0.997110437,0.994989551
0.99280474,0.989055586,0.995121249,0.981825248,0.998554173,0.994632624
0.993247389,0.987895274,0.994918485,0.979917104,0.997316557,0.994632624
0.992716234,0.987605409,0.994918485,0.981552429,0.998554173,0.995346606
0.992716234,0.992544703,0.995019862,0.982371114,0.997110437,0.994989551
0.992273822,0.989345876,0.994107843,0.982371114,0.997728925,0.994275825
0.991831607,0.983411911,0.994209137,0.982644161,0.99752272,0.993919154
0.991831607,0.992107891,0.995831248,0.982371114,0.997728925,0.994989551
0.992096912,0.988620309,0.995425473,0.980734425,0.998760592,0.994275825
0.991124473,0.991671272,0.995932718,0.978284503,0.998760592,0.994632624
0.990859428,0.982690695,0.995831248,0.976654623,0.997316557,0.994632624
0.989535265,0.990507892,0.995425473,0.974485672,0.99752272,0.993919154
0.988477208,0.991525774,0.996643296,0.972051359,0.998760592,0.993919154
0.988124774,0.983123361,0.996135689,0.966932207,0.998554173,0.994632624
0.986716294,0.985723358,0.996135689,0.963177458,0.997316557,0.994632624
0.984958517,0.993127418,0.996135689,0.959703963,0.99752272,0.994989551
0.984695121,0.989055586,0.996947985,0.957572656,0.99752272,0.994275825
0.984695121,0.980098697,0.997049569,0.958105038,0.998141464,0.994989551
0.984519562,0.989345876,0.997456007,0.957306576,0.998141464,0.994275825
0.981452352,0.985868004,0.996440222,0.955977283,0.998760592,0.994989551
0.971961266,0.989345876,0.997049569,0.953854252,0.998760592,0.994632624
0.98014076,0.981825935,0.997456007,0.955446082,0.997935173,0.994275825
0.984695121,0.988185225,0.997151163,0.958371341,0.998554173,0.995346606
0.978569163,0.987750331,0.99786261,0.961305555,0.998760592,0.994632624
0.975172676,0.981249851,0.997354382,0.961840013,0.998760592,0.994275825
0.96919236,0.981393841,0.99826938,0.962107353,0.998554173,0.994632624
0.966689853,0.983556217,0.997760944,0.96023753,0.998554173,0.994632624
0.968587714,0.984566956,0.998879845,0.958637717,0.998554173,0.994989551
0.972568018,0.979092546,0.997354382,0.956774637,0.998760592,0.994632624
0.9768259,0.981970009,0.99786261,0.954915177,0.998760592,0.994989551
0.977261424,0.976939982,0.997354382,0.951735936,0.998760592,0.994275825
0.97918004,0.985144988,0.998167672,0.947513407,0.998760592,0.994989551
0.976564678,0.977800439,0.99786261,0.942261581,0.99752272,0.995346606
0.97647762,0.983267625,0.997151163,0.935737715,0.997935173,0.994632624
0.972047922,0.978087426,0.997456007,0.929000804,0.998760592,0.994275825
0.970575826,0.979236218,0.997659288,0.919497202,0.998760592,0.994632624
0.966776039,0.980386359,0.996947985,0.908574555,0.998554173,0.995346606
0.964107852,0.964265099,0.998065974,0.895290112,0.997728925,0.994632624
0.95956316,0.971507979,0.997252767,0.878774184,0.99752272,0.995346606
0.954103775,0.969941202,0.996744849,0.862083641,0.998760592,0.995346606
0.948168131,0.971365441,0.998371098,0.838688519,0.998760592,0.995346606
0.937075489,0.976510038,0.997659288,0.814342562,0.998554173,0.995346606
0.928344541,0.975937073,0.997964287,0.782397039,0.998967053,0.99570379
0.912751947,0.967098986,0.998167672,0.748785707,0.998760592,0.994989551
0.897421248,0.982546516,0.99826938,0.706925891,0.998554173,0.99570379
0.873971161,0.945768576,0.997659288,0.657099847,0.999173557,0.99570379
0.848028441,0.971935721,0.997354382,0.604201471,0.997728925,0.994989551
0.813374203,0.969656605,0.997964287,0.549419956,0.998141464,0.996418541
0.774937219,0.922875192,0.997151163,0.49932774,0.998141464,0.996061101
0.734246914,0.980098697,0.997354382,0.43782185,0.998760592,0.995346606
0.699237427,0.928035274,0.996947985,0.371817101,0.998967053,0.995346606
0.678844479,0.936653793,0.997760944,0.349182537,0.998554173,0.994989551
0.674020103,0.965822708,0.997659288,0.355942955,0.997728925,0.99570379
0.687799469,0.878608564,0.998065974,0.354955134,0.998967053,0.99570379
0.641081632,0.961721701,0.99826938,0.345514393,0.998967053,0.996061101
0.583689657,0.939820141,0.997151163,0.326743269,0.998967053,0.995346606
0.653255135,0.85608381,0.997151163,0.311752083,0.998967053,0.994632624
0.720178785,0.978661654,0.997252767,0.310541501,0.998967053,0.994989551
0.668276089,0.862134523,0.998778074,0.315324574,0.998967053,0.994989551
0.612094803,0.925994962,0.996541754,0.310282703,0.99752272,0.994275825
0.548279442,0.967950775,0.997252767,0.298110745,0.998967053,0.994632624
0.505870796,0.780380556,0.996846412,0.281054473,0.998967053,0.996061101
0.466617583,0.967950775,0.998472826,0.244592706,0.997935173,0.99570379
0.443933315,0.878221894,0.997252767,0.210625103,0.998760592,0.99570379
0.437801989,0.852073612,0.997151163,0.178474636,0.998760592,0.996418541
0.431870835,0.974935194,0.997252767,0.159033456,0.99752272,0.996061101
0.458575755,0.786588397,0.99623719,0.147373141,0.998967053,0.99570379
0.475096834,0.957076216,0.996846412,0.144092749,0.998967053,0.996061101
0.489456328,0.931855893,0.996744849,0.129940328,0.998967053,0.99570379
0.451597568,0.796226501,0.996744849,0.114633345,0.998760592,0.996061101
0.410034123,0.962568754,0.997252767,0.10003936,0.997728925,0.994989551
0.423709522,0.830229131,0.997456007,0.083762077,0.99752272,0.99570379
0.494897181,0.908899105,0.995729789,0.080052392,0.998967053,0.996061101
0.435738241,0.962568754,0.998167672,0.062095482,0.997935173,0.995346606
0.42655209,0.834258922,0.995729789,0.089938389,0.998141464,0.995346606
0.413411027,0.980961936,0.997252767,0.122165869,0.998141464,0.996061101
0.438075289,0.887809598,0.996338701,0.129004813,0.997935173,0.99570379
0.452363167,0.92206307,0.995932718,0.136605718,0.998967053,0.996061101
0.45824881,0.968376951,0.997659288,0.164517903,0.998967053,0.99570379
0.481406999,0.865175897,0.996135689,0.233111361,0.998760592,0.996061101
0.485934563,0.968661173,0.997659288,0.329845259,0.998760592,0.996418541
0.510309874,0.930626125,0.996947985,0.439406477,0.99752272,0.995346606
0.481235357,0.912239296,0.998065974,0.54364833,0.998760592,0.994632624
0.482567185,0.806574226,0.996541754,0.634312439,0.998760592,0.995346606
0.485112146,0.660953447,0.996541754,0.713240665,0.998967053,0.996418541
0.534524151,0.353862124,0.995831248,0.777411993,0.998967053,0.996418541
0.529732739,0.230547279,0.997760944,0.82941701,0.997728925,0.99570379
0.563894855,0.867973248,0.998371098,0.866406887,0.998141464,0.996061101
0.575474171,0.977083339,0.997049569,0.893550146,0.999586693,0.99570379
0.603694754,0.925044352,0.997760944,0.911862996,0.998760592,0.996061101
0.626671933,0.972791771,0.997354382,0.924365223,0.998967053,0.99570379
0.653080442,0.946740483,0.996846412,0.932622322,0.998967053,0.995346606
0.680844579,0.958481564,0.996846412,0.937820423,0.998554173,0.996776109
0.703363867,0.961721701,0.997049569,0.940953179,0.998760592,0.994989551
0.728638948,0.902917553,0.995932718,0.942785451,0.998760592,0.996418541
0.764711353,0.975364445,0.997760944,0.944358809,0.998760592,0.996418541
0.788175516,0.848953721,0.997354382,0.944358809,0.998967053,0.994989551
0.813374203,0.963275202,0.997760944,0.944358809,0.99752272,0.996418541
0.835570753,0.910500868,0.998065974,0.944358809,0.998967053,0.99570379
0.858908878,0.894084545,0.996744849,0.944358809,0.997728925,0.996061101
0.882662752,0.942305617,0.996643296,0.943309612,0.997728925,0.995346606
0.898542037,0.832302647,0.995932718,0.944096401,0.998554173,0.995346606
0.9165028,0.971365441,0.997354382,0.944096401,0.998141464,0.99570379
0.927682671,0.796109679,0.99562834,0.944883845,0.997316557,0.99570379
0.941094081,0.940095981,0.996846412,0.946723771,0.997935173,0.996061101
0.950029629,0.879640515,0.996135689,0.949886269,0.999173557,0.99570379
0.95862261,0.881966838,0.997659288,0.954119373,0.999173557,0.99570379
0.964795711,0.921386846,0.996135689,0.955977283,0.998967053,0.996418541
0.968760432,0.823556024,0.99562834,0.95943729,0.998967053,0.99570379
0.974651187,0.93871759,0.995526901,0.962374768,0.99752272,0.99570379
0.977261424,0.796693959,0.996338701,0.964516763,0.998967053,0.996061101
0.980228145,0.939544382,0.996541754,0.966663526,0.999173557,0.99570379
0.982152585,0.870779644,0.995932718,0.967469793,0.999173557,0.99570379
0.984870711,0.896317542,0.995121249,0.968815066,0.998967053,0.996061101
0.984782912,0.908365811,0.995019862,0.969892632,0.997935173,0.996061101
0.986540375,0.880027809,0.995932718,0.969353699,0.998967053,0.996061101
0.987420283,0.940371902,0.992893117,0.969084345,0.998141464,0.996061101
0.988389088,0.833647093,0.994209137,0.969623128,0.999380104,0.996061101
0.99032955,0.956093699,0.995932718,0.969353699,0.998760592,0.996061101
0.988741616,0.87500626,0.996440222,0.968815066,0.998760592,0.996061101
0.991124473,0.925180094,0.993601526,0.969084345,0.999173557,0.996061101
0.989006095,0.908365811,0.991073811,0.967469793,0.998967053,0.996418541
0.99068277,0.944243309,0.995932718,0.967469793,0.99752272,0.994989551
0.99032955,0.935692241,0.994614417,0.967200962,0.99752272,0.994989551
0.991036117,0.916936194,0.997659288,0.967469793,0.998967053,0.996776109
0.991124473,0.986881119,0.9883511,0.968007678,0.999173557,0.996418541
0.991212837,0.919496059,0.990669973,0.968276733,0.997935173,0.99570379
0.990506145,0.968092813,0.996541754,0.969353699,0.999380104,0.996776109
0.989799956,0.945768576,0.993601526,0.970971396,0.998967053,0.996061101
0.991389589,0.977656977,0.997964287,0.970971396,0.999173557,0.996061101
0.991036117,0.940923987,0.986339101,0.974485672,0.999173557,0.996061101
0.991124473,0.970225882,0.990064526,0.976111933,0.998760592,0.99570379
0.990594454,0.974363153,0.995324054,0.977197614,0.99752272,0.994989551
0.989888202,0.952732719,0.992893117,0.978012668,0.998141464,0.996061101
0.989270644,0.975650717,0.994107843,0.980189469,0.998967053,0.99570379
0.991831607,0.963275202,0.984732451,0.980734425,0.998967053,0.994989551
0.99068277,0.981105883,0.982727819,0.980461909,0.997935173,0.99570379
0.98944705,0.949940929,0.993399072,0.981279685,0.997728925,0.996061101
0.991212837,0.986736324,0.993399072,0.981825248,0.999173557,0.996776109
0.990417843,0.962710002,0.996440222,0.984284037,0.999793325,0.99570379
0.992539246,0.973077288,0.985133868,0.986200685,0.998967053,0.996061101
0.990947768,0.966957094,0.9857363,0.986200685,0.999793325,0.996061101
0.992185363,0.976080283,0.993196659,0.98592665,0.999173557,0.996061101
0.99068277,0.971507979,0.995729789,0.987572004,0.999586693,0.995346606
0.991743188,0.960170706,0.994107843,0.98894523,0.999380104,0.997133805
0.991743188,0.979379912,0.991477813,0.991146364,1,0.997133805
0.991477977,0.962710002,0.982227298,0.991973051,1,0.994989551
0.991743188,0.97522134,0.992488538,0.992800429,0.999173557,0.996061101
0.992185363,0.957919178,0.99329786,0.993352397,1,0.995346606
0.993335942,0.983123361,0.994715763,0.993628496,0.998967053,0.997133805
0.992627736,0.958762882,0.989862792,0.99473366,0.999173557,0.99570379
0.993424504,0.971365441,0.983829861,0.994180924,0.998967053,0.996061101
0.994133279,0.969941202,0.991983047,0.993352397,0.998967053,0.996776109
0.994310551,0.969087661,0.991780922,0.993352397,0.999173557,0.996418541
0.994931255,0.967808758,0.993196659,0.99556334,0.997728925,0.996776109
0.996351461,0.962003969,0.990669973,0.994457254,0.998967053,0.996776109
0.994753871,0.978374498,0.981827066,0.994180924,0.999793325,0.996776109
0.994931255,0.958481564,0.995019862,0.995286703,0.999173557,0.99570379
0.995729872,0.975364445,0.98664064,0.994457254,0.999173557,0.996418541
0.997862652,0.961298454,0.993601526,0.99473366,0.999173557,0.997133805
0.996973439,0.975364445,0.990064526,0.994457254,0.999173557,0.99749163
0.996351461,0.957919178,0.987445193,0.993628496,0.998967053,0.996776109
0.997506871,0.971080426,0.978830515,0.995010143,0.998967053,0.996418541
0.997240119,0.967382833,0.980827198,0.995286703,0.999173557,0.996061101
0.998574593,0.963416553,0.949556913,0.993904672,1,0.996418541
0.997773695,0.967098986,0.870780109,0.994180924,0.998967053,0.997133805
0.997506871,0.964123623,0.929928911,0.995286703,0.998967053,0.997133805
0.996884561,0.973648574,0.994209137,0.99473366,0.997728925,0.997849583
0.99812957,0.955252344,0.980927139,0.994457254,0.999586693,0.997133805
0.997151218,0.974649131,0.993905285,0.993628496,1,0.99749163
0.998040589,0.960170706,0.989157048,0.994180924,0.999586693,0.997133805
0.99839656,0.969372091,0.987545808,0.993076374,0.998141464,0.997849583
0.996795691,0.958903571,0.989257838,0.993352397,0.999380104,0.99749163
0.997862652,0.969229866,0.986841716,0.993076374,0.999380104,0.99749163
0.997951617,0.963275202,0.983629398,0.992800429,0.998967053,0.997133805
0.997862652,0.960593457,0.992488538,0.993076374,0.999173557,0.996776109
0.99839656,0.967666762,0.981727033,0.992248767,0.997935173,0.997133805
0.997240119,0.962145134,0.985033498,0.993076374,0.999173557,0.99749163
0.997684746,0.967666762,0.989056269,0.99142185,0.999173557,0.997133805
0.997417946,0.956935795,0.989358638,0.99142185,0.999173557,0.997133805
0.997240119,0.971080426,0.978032981,0.992800429,1,0.996061101
0.996973439,0.957216658,0.982627694,0.993076374,0.997728925,0.996418541
0.997151218,0.965539319,0.991983047,0.993076374,0.999380104,0.997849583
0.997862652,0.958903571,0.980527436,0.993076374,0.999793325,0.996776109
0.998218559,0.965256014,0.995324054,0.993628496,0.997110437,0.997849583
0.995641105,0.960452519,0.964672171,0.993904672,0.998967053,0.998565874
0.997240119,0.960029831,0.983529181,0.994457254,0.999380104,0.997849583
0.996973439,0.966531543,0.990064526,0.995286703,1,0.99749163
0.997773695,0.958340937,0.992994287,0.995840054,1,0.997133805
0.996262639,0.966815223,0.980727267,0.997224776,1,0.996418541
0.99510867,0.957638108,0.957718772,0.996116844,0.997935173,0.996061101
0.997684746,0.969087661,0.980527436,0.996393712,0.999173557,0.997133805
0.997595804,0.953571854,0.991477813,0.997779204,0.999380104,0.997133805
0.997506871,0.965256014,0.993702769,0.996393712,0.997935173,0.997849583
0.997506871,0.961016393,0.973955804,0.99556334,0.998967053,0.998207664
0.997862652,0.960593457,0.967132549,0.996116844,0.999380104,0.996776109
0.997151218,0.959607328,0.986540116,0.997224776,0.997728925,0.997133805
0.99812957,0.958622213,0.990266301,0.998611424,0.997935173,0.998207664
0.998040589,0.964265099,0.991881979,0.996670656,0.999173557,0.997849583
0.997773695,0.954831944,0.973360571,0.996670656,0.999380104,0.997133805
0.996973439,0.961862825,0.96880919,0.996393712,0.998141464,0.998207664
0.998040589,0.95455178,1,0.997501951,0.998141464,0.997849583
0.998307555,0.965397656,0.984331198,0.998056534,0.999380104,0.997133805
0.997417946,0.952453171,0.997252767,0.99833394,0.999380104,0.99749163
0.997862652,0.965256014,0.97197311,0.996393712,0.998141464,0.99749163
0.997862652,0.956655014,0.977335671,0.996393712,0.998141464,0.99749163
0.997951617,0.959466536,0.991073811,0.996947678,0.997935173,0.997849583
0.997506871,0.958903571,0.988451808,0.99833394,1,0.997849583
0.998574593,0.959607328,0.991275791,0.996947678,0.998760592,0.997133805
0.998485573,0.961439516,0.9796287,0.998056534,0.999793325,0.997133805
0.997684746,0.952034003,0.981327004,0.99833394,0.999173557,0.998565874
0.997862652,0.964123623,0.988552526,0.998611424,0.999793325,0.998207664
0.997595804,0.952173705,0.990669973,0.99972213,0.99752272,0.998565874
0.99812957,0.961016393,0.986540116,0.999444338,1,0.997849583
0.997862652,0.952313428,0.985435038,0.997224776,0.999793325,0.998924213
0.998040589,0.960452519,0.990266301,0.99833394,0.998760592,0.998565874
0.998307555,0.953851731,0.987646434,0.997224776,0.998141464,0.997849583
0.998040589,0.954972057,0.990165408,0.997779204,0.998141464,0.997849583
0.999197958,0.959185012,0.989862792,0.999166623,0.999173557,0.997849583
0.999554342,0.953991699,0.988753992,0.998056534,0.997935173,0.997133805
0.997417946,0.958622213,0.991881979,0.997501951,0.998141464,0.99570379
0.997684746,0.95161502,0.991983047,0.997501951,0.998967053,0.996061101
0.996351461,0.963275202,0.990770917,0.995840054,0.999793325,0.998207664
0.998218559,0.952034003,0.989257838,0.998056534,0.998760592,0.99749163
0.998841702,0.958903571,0.990770917,0.997779204,0.998967053,0.99749163
1,0.952173705,0.993095468,0.996670656,0.999380104,0.997133805
0.999287042,0.959185012,0.992589667,0.997501951,0.999793325,0.998207664
0.997862652,0.953012349,0.994715763,0.997224776,0.997935173,0.997133805
0.997951617,0.954972057,0.992589667,0.997501951,0.999173557,0.99749163
0.997595804,0.958481564,0.990468116,0.997779204,1,0.99749163
0.997773695,0.950777606,0.992994287,0.996670656,0.999173557,0.996776109
0.997773695,0.957076216,0.993095468,0.997224776,0.999173557,0.997849583
0.997773695,0.950080324,0.995324054,0.996670656,0.999380104,0.998207664
0.99839656,0.958481564,0.995121249,0.99556334,0.996698324,0.998207664
0.999821713,0.948408933,0.994310441,0.99473366,0.999173557,0.996776109
0.998574593,0.959466536,0.994209137,0.996116844,0.998141464,0.99749163
0.99839656,0.952872523,0.994006559,0.995010143,0.997728925,0.996776109
0.99812957,0.95511219,0.994513081,0.99473366,0.998554173,0.996776109
0.998040589,0.949522867,0.994006559,0.995286703,0.997728925,0.996418541
0.997773695,0.956093699,0.990165408,0.994457254,0.998760592,0.99749163
0.996440291,0.953152194,0.996846412,0.994180924,0.999380104,0.997133805
0.996617975,0.946462693,0.996744849,0.993904672,0.998141464,0.996418541
0.99599622,0.955532713,0.996541754,0.993628496,0.997728925,0.99749163
0.996440291,0.9496622,0.995932718,0.994180924,0.999173557,0.99749163
0.997773695,0.958622213,0.994513081,0.99473366,1,0.997133805
0.998752658,0.947296307,0.994310441,0.996116844,0.999380104,0.996418541
0.996529129,0.958059743,0.994817119,0.993904672,0.999173557,0.99928268
0.997684746,0.948965736,0.995121249,0.992248767,0.999380104,0.998207664
0.995729872,0.951475399,0.996947985,0.995286703,0.998141464,0.998565874
0.997506871,0.953012349,0.995729789,0.993076374,0.998554173,0.996061101
0.996529129,0.952173705,0.995729789,0.993352397,0.998967053,0.997849583
0.997773695,0.953571854,0.99623719,0.99252456,0.999586693,0.99570379
0.993956037,0.94410477,0.997252767,0.992248767,0.999173557,0.997133805
0.995818646,0.955392518,0.995425473,0.99142185,0.998554173,0.997133805
0.994842559,0.946462693,0.994715763,0.99142185,0.999380104,0.997849583
0.99599622,0.953431947,0.99623719,0.993352397,0.998967053,0.99570379
0.995374852,0.944797667,0.993399072,0.99252456,0.999173557,0.99570379
0.997951617,0.957497604,0.994310441,0.993076374,0.999380104,0.99749163
0.994310551,0.949104988,0.995121249,0.992800429,0.999380104,0.996776109
0.996617975,0.951475399,0.995324054,0.99142185,0.998141464,0.99749163
0.994931255,0.951475399,0.996846412,0.991146364,0.997935173,0.99749163
0.993335942,0.947991545,0.996643296,0.993628496,0.997935173,0.997133805
0.994133279,0.948269783,0.994513081,0.991973051,0.999380104,0.996418541
0.992893254,0.947435313,0.993702769,0.99142185,0.999793325,0.997849583
0.995729872,0.954691852,0.995526901,0.99142185,0.998967053,0.997133805
0.994931255,0.944797667,0.995729789,0.990870954,0.998554173,0.99749163
0.993867429,0.95175466,0.994107843,0.992248767,0.998967053,0.996776109
0.993070306,0.945074967,0.995019862,0.993904672,0.999793325,0.996061101
0.994487856,0.95329206,0.991983047,0.990870954,0.999380104,0.996418541
0.99360165,0.943273965,0.995324054,0.994180924,0.998967053,0.998924213
0.995286116,0.950638109,0.993804022,0.991697412,1,0.996776109
0.992273822,0.948965736,0.996846412,0.994180924,0.997935173,0.99749163
0.99360165,0.94410477,0.998778074,0.993352397,0.998141464,0.99928268
0.991743188,0.948548103,0.998472826,0.993352397,0.999173557,0.998924213
0.992273822,0.945213648,0.997760944,0.993076374,0.998967053,0.99749163
0.993070306,0.950777606,0.995324054,0.994457254,1,0.997849583
0.994753871,0.939268704,0.994715763,0.99473366,0.999380104,0.997849583
0.994931255,0.949383553,0.996541754,0.99473366,0.999380104,0.997849583
0.992539246,0.942305617,0.993804022,0.995286703,0.999380104,0.998207664
0.994487856,0.949104988,0.992994287,0.99473366,1,0.997133805
0.99510867,0.943412382,0.997252767,0.995010143,0.999793325,0.99928268
0.99812957,0.948548103,0.998065974,0.99473366,0.999586693,0.998924213
0.991477977,0.944936307,0.997456007,0.99556334,1,0.997133805
0.993247389,0.941614549,0.994715763,0.992800429,0.999173557,0.99749163
0.993513073,0.94715732,0.996135689,0.995010143,0.999173557,0.998924213
0.996795691,0.943412382,0.993804022,0.993628496,0.999586693,0.99749163
0.993867429,0.94715732,0.996135689,0.995286703,1,0.995346606
0.995729872,0.938855338,0.995121249,0.992800429,0.999173557,0.995346606
0.996262639,0.948269783,0.994918485,0.995010143,0.999380104,0.998565874
0.995463595,0.939820141,0.997252767,0.994180924,0.998554173,0.998207664
0.996440291,0.946323829,0.996541754,0.993628496,0.999173557,0.997849583
0.998307555,0.941062059,0.995831248,0.991146364,0.999380104,0.997849583
0.997417946,0.945907359,0.997049569,0.994457254,0.999173557,0.998924213
0.995907429,0.939268704,0.997049569,0.993352397,0.997935173,0.997849583
0.999554342,0.943689276,0.995729789,0.990595621,0.998554173,0.99928268
0.999554342,0.948687294,0.997151163,0.988121065,0.999173557,0.996418541
0.999197958,0.937203695,0.997456007,0.99252456,0.999173557,0.997849583
0.996884561,0.945074967,0.995729789,0.993352397,0.999586693,0.995346606
0.997151218,0.935829545,0.995121249,0.989220104,0.998967053,0.996776109
0.998574593,0.948826505,0.993905285,0.991973051,1,0.997849583
0.997951617,0.936928703,0.997252767,0.991146364,1,0.998565874
0.994842559,0.945768576,0.994715763,0.99252456,0.999586693,0.99928268
0.996706829,0.941890915,0.993702769,0.99252456,1,0.996061101
0.997506871,0.940785935,0.998065974,0.989495055,0.999793325,0.997849583
0.995286116,0.936791238,0.992589667,0.993352397,0.999380104,0.997849583
0.995729872,0.940233931,0.995729789,0.993628496,0.999586693,0.997849583
0.996706829,0.943273965,0.996440222,0.995286703,0.999793325,0.99928268
0.998841702,0.935692241,0.987847716,0.993904672,1,0.998207664
0.997151218,0.94715732,0.992488538,0.99556334,1,0.997133805
0.996262639,0.935143225,0.995526901,0.994180924,1,0.99928268
0.995019958,0.943273965,0.998981625,0.993904672,0.999380104,0.99749163
0.999287042,0.935143225,0.995831248,0.993628496,0.999173557,0.998924213
0.996795691,0.944797667,0.997049569,0.99473366,0.999380104,0.997849583
0.995641105,0.937616333,0.99562834,0.999166623,0.999586693,0.998207664
0.997062324,0.936653793,0.993500294,0.997224776,1,0.996418541
0.997506871,0.942029129,0.992690807,0.994457254,1,0.998565874
0.997151218,0.940509893,0.996338701,0.993628496,1,0.99928268
0.994842559,0.941476396,0.997049569,0.99473366,1,0.998924213
0.99457652,0.936653793,0.990468116,0.996116844,0.999586693,0.996776109
0.994753871,0.945491071,0.990770917,0.995010143,0.999586693,0.996061101
0.995286116,0.934183224,0.995324054,0.992800429,0.999586693,0.998565874
0.994665192,0.941614549,0.998981625,0.999166623,0.999586693,0.99928268
0.996617975,0.937753919,0.995019862,0.999166623,0.999586693,0.99928268
0.995286116,0.946462693,0.993399072,0.999166623,0.998141464,0.99749163