450,1,0.979662382,0.999166623,0.996492332,0.933431731
454,0.995706632,0.987549333,0.987572004,0.995463008,0.974498018
458,0.959123606,0.999311152,0.989495055,0.994023741,0.994275825
462,0.96741269,0.983659571,0.97638324,0.995257271,0.980811886
466,0.951314771,0.992510889,0.995286703,0.99279174,0.99928268
470,0.955827893,0.990461234,0.990320365,0.992176312,0.977649855
474,0.941744364,0.989159112,0.998611424,0.993818301,0.983631164
478,0.953773826,0.980460518,0.989770082,0.995257271,0.979053941
482,0.942555105,0.99164082,0.994457254,0.995257271,0.982220513
486,0.954389582,0.987549333,0.989770082,0.995257271,0.987166662
490,0.965749162,0.986189259,0.987572004,0.994229223,0.98575094
494,0.962016675,0.986065708,0.993628496,0.995257271,0.988939173
498,0.96949613,0.985756901,0.99252456,0.995463008,0.983631164
502,0.960569051,0.980337686,0.992248767,0.995257271,0.992137717
506,0.965541422,0.981259305,0.99252456,0.996286382,0.983984143
510,0.960982436,0.989592962,0.992800429,0.995257271,0.989649068
514,0.96845385,0.985509924,0.99252456,0.995463008,0.990714867
518,0.970957208,0.988353895,0.993904672,0.995463008,0.990714867
522,0.974724383,0.985756901,0.986748984,0.995668788,0.986458547
526,0.965956947,0.982551027,0.987846497,0.997110437,0.982572986
530,0.966164776,0.98378282,0.996393712,0.995257271,0.990004207
534,0.961395998,0.982735698,0.996393712,0.998554173,0.985043841
538,0.957680336,0.987178218,0.990320365,0.995257271,0.98610468
542,0.958092477,0.985077864,0.99142185,0.993202237,0.977649855
546,0.955622287,0.99275962,0.988670432,0.995257271,0.994989551
550,0.965333727,0.989716954,0.988395711,0.995051576,0.979053941
554,0.954594922,0.988106267,0.987572004,0.994229223,0.992137717
558,0.965333727,0.989221079,0.992800429,0.995463008,0.98610468
562,0.953363542,0.990585334,0.993904672,0.996492332,0.994275825
566,0.957680336,0.986621806,0.990870954,0.995463008,0.982925586
570,0.942352355,0.987301907,0.992248767,0.995463008,0.98575094
574,0.955005736,0.991143981,0.990870954,0.995668788,0.994275825
578,0.943772525,0.989345024,0.991146364,0.992586555,0.976247782
582,0.940327246,0.983166731,0.99142185,0.993818301,0.992493749
586,0.938104653,0.990027003,0.992248767,0.99279174,0.975897578
590,0.936088673,0.990585334,0.99252456,0.991151446,0.987875284
594,0.942149648,0.985077864,0.995010143,0.995051576,0.940153917
598,0.91183977,0.988477732,0.990870954,0.991766238,0.946245267
602,0.941339256,0.989530972,0.995010143,0.988696086,0.928421652
606,0.924083445,0.982797262,0.995286703,0.989923005,0.945905825
610,0.948862056,0.986992712,0.992800429,0.991766238,0.921783352
614,0.893008967,0.983967722,0.99142185,0.989718413,0.842399383
618,0.867260048,0.989592962,0.992800429,0.989718413,0.906369578
622,0.886882448,0.982551027,0.993352397,0.991151446,0.97275139
626,0.940731919,0.987301907,0.991973051,0.991151446,0.89956614
630,0.888792457,0.990833583,0.991973051,0.970674346,0.924432957
634,0.880419068,0.988849335,0.992248767,0.986042977,0.930756333
638,0.842434783,0.988353895,0.993904672,0.989718413,0.967877469
642,0.835575986,0.988106267,0.99252456,0.991151446,0.970311369
646,0.808346812,0.986807242,0.993628496,0.987266603,0.986458547
650,0.752787502,0.987054544,0.995286703,0.988083197,0.987875284
654,0.797808208,0.983967722,0.993904672,0.988696086,0.984337249
658,0.783689107,0.98378282,0.993076374,0.985431732,0.985043841
662,0.88516695,0.98520129,0.993904672,0.988900467,0.98575094
666,0.808172931,0.980153466,0.995286703,0.990332316,0.991426036
670,0.586786968,0.983474727,0.99556334,0.993818301,0.98610468
674,0.698037043,0.988230073,0.991146364,0.990537035,0.986458547
678,0.795922478,0.98520129,0.991146364,0.994640315,0.985397327
682,0.749878082,0.983166731,0.99142185,0.995668788,0.988584416
686,0.77064838,0.986374613,0.990320365,0.994023741,0.983984143
690,0.740260984,0.988973234,0.992248767,0.996286382,0.988584416
694,0.782509827,0.987734943,0.986474797,0.99587461,0.988939173
698,0.805049454,0.98384445,0.986748984,0.995257271,0.986458547
702,0.826636257,0.98544819,0.987297588,0.992996967,0.987520909
706,0.862237148,0.987673069,0.984284037,0.993818301,0.986812541
710,0.869688906,0.989840962,0.984010535,0.992381412,0.989294057
714,0.93770111,0.990895655,0.979917104,0.993612904,0.987166662
718,0.847160055,0.984214312,0.978012668,0.996080475,0.988229787
722,0.858165933,0.990461234,0.977197614,0.993818301,0.988939173
726,0.916757096,0.986930885,0.970971396,0.994640315,0.987166662
730,0.926073571,0.989716954,0.969084345,0.994640315,0.987166662
734,0.926671444,0.987178218,0.962642257,0.993818301,0.98610468
738,0.927269703,0.989530972,0.964248753,0.994023741,0.987520909
742,0.906363672,0.985880412,0.962374768,0.993612904,0.987520909
746,0.931267978,0.986807242,0.962374768,0.996080475,0.985043841
750,0.927668757,0.990337148,0.96023753,0.997316557,0.987520909
754,0.933675214,0.989530972,0.960771394,0.993612904,0.987166662
758,0.927469208,0.989097149,0.962107353,0.994229223,0.987520909
762,0.93891226,0.985880412,0.964516763,0.995257271,0.98610468
766,0.93911427,0.990585334,0.964248753,0.994229223,0.986458547
770,0.935685997,0.990089024,0.968007678,0.993612904,0.986812541
774,0.942352355,0.989345024,0.970971396,0.994640315,0.987875284
778,0.943163619,0.989902972,0.975027458,0.993612904,0.985043841
782,0.946415665,0.989654956,0.977740908,0.994434748,0.986458547
786,0.940124975,0.987178218,0.981007017,0.99587461,0.986458547
790,0.946212084,0.986374613,0.984010535,0.99587461,0.985043841
794,0.939518422,0.990585334,0.986200685,0.994640315,0.988229787
798,0.942757899,0.985571662,0.985652691,0.993407549,0.988229787
802,0.940327246,0.98804437,0.987023248,0.995051576,0.988939173
806,0.942555105,0.987920588,0.989220104,0.995257271,0.984690482
810,0.941946984,0.988973234,0.990045185,0.993407549,0.987166662
814,0.939518422,0.988415811,0.989770082,0.992996967,0.986812541
818,0.943975581,0.986745426,0.991973051,0.994640315,0.98610468
822,0.939518422,0.988601584,0.993076374,0.993818301,0.986812541
826,0.942960737,0.987054544,0.993352397,0.99587461,0.987875284
830,0.93911427,0.987549333,0.993904672,0.994640315,0.985043841
834,0.945194835,0.986621806,0.993904672,0.996080475,0.98610468
838,0.93850837,0.988168168,0.99473366,0.994640315,0.987875284
842,0.941136767,0.98903519,0.993628496,0.994229223,0.983278312
846,0.941541788,0.988106267,0.993904672,0.993407549,0.98610468
850,0.940934321,0.987920588,0.994457254,0.995257271,0.982220513
854,0.939720563,0.988725452,0.99556334,0.994434748,0.986812541
858,0.941136767,0.989716954,0.994457254,0.995257271,0.982220513
862,0.943569512,0.990461234,0.995286703,0.99279174,0.98575094
866,0.941136767,0.99101981,0.99473366,0.994023741,0.978000687
870,0.943366544,0.989097149,0.993904672,0.995257271,0.979405278
874,0.943569512,0.990337148,0.994180924,0.995257271,0.984337249
878,0.94661929,0.989468986,0.993904672,0.993612904,0.982220513
882,0.941744364,0.988601584,0.996670656,0.995257271,0.983631164
886,0.946008547,0.988477732,0.993352397,0.995257271,0.976948567
890,0.945805053,0.988725452,0.99473366,0.995051576,0.983984143
894,0.943975581,0.987673069,0.994180924,0.995257271,0.982220513
898,0.94661929,0.989221079,0.99473366,0.99587461,0.987520909
902,0.947638071,0.988291982,0.994180924,0.993818301,0.982220513
906,0.949066207,0.989221079,0.995840054,0.993818301,0.987166662
910,0.94661929,0.990089024,0.99473366,0.993818301,0.979405278
914,0.949270402,0.988725452,0.993628496,0.994023741,0.966142707
918,0.949066207,0.989097149,0.991973051,0.994023741,0.936114818
922,0.950700998,0.988106267,0.989770082,0.994023741,0.870357468
926,0.949270402,0.989902972,0.986748984,0.994023741,0.795973263
930,0.952338606,0.98804437,0.984831271,0.994640315,0.688568578
934,0.951724173,0.986436406,0.980734425,0.994023741,0.500522056
938,0.952133751,0.988725452,0.973132525,0.995051576,0.190663438
942,0.952748448,0.989964985,0.967469793,0.995257271,0.058730836
946,0.953158467,0.98903519,0.961305555,0.993818301,0.027656677
950,0.954184286,0.988415811,0.953589205,0.99587461,0.295583005
954,0.953158467,0.988663516,0.943834065,0.994229223,0.81446225
958,0.956033543,0.988663516,0.94016901,0.994229223,1
962,0.953158467,0.988911283,0.938081087,0.993612904,0.959578923
966,0.955211209,0.990213078,0.931845096,0.994640315,0.986812541
970,0.955211209,0.98928305,0.930034086,0.995463008,0.969615345
974,0.956650758,0.987858702,0.93417872,0.995051576,0.976948567
978,0.955827893,0.988849335,0.939907766,0.994229223,0.954086125
982,0.956239237,0.988601584,0.947250122,0.993818301,0.961646865
986,0.958504795,0.990089024,0.952529753,0.995463008,0.961646865
990,0.957268372,0.989902972,0.957572656,0.995257271,0.965449673
994,0.956650758,0.990399189,0.964784847,0.994023741,0.966142707
998,0.956650758,0.990151049,0.971241274,0.995257271,0.978351646
1002,0.958917291,0.989964985,0.976926081,0.995463008,0.98610468
1006,0.958504795,0.990089024,0.982098143,0.996080475,0.982925586
1010,0.958711021,0.990151049,0.983463758,0.996080475,0.990004207
1014,0.957474332,0.990647391,0.986474797,0.996080475,0.985397327
1018,0.958504795,0.989778956,0.989220104,0.996080475,0.989294057
1022,0.956856585,0.989654956,0.990045185,0.996080475,0.984690482
1026,0.957062456,0.989221079,0.991973051,0.996080475,0.990004207
1030,0.956650758,0.989964985,0.992248767,0.995463008,0.986812541
1034,0.957474332,0.988601584,0.992800429,0.995668788,0.988584416
1038,0.957062456,0.989902972,0.992800429,0.995463008,0.988229787
1042,0.956650758,0.990585334,0.993904672,0.995463008,0.987166662
1046,0.958504795,0.989592962,0.995286703,0.995257271,0.987166662
1050,0.957268372,0.988973234,0.994457254,0.995257271,0.98575094
1054,0.958504795,0.990089024,0.994180924,0.994023741,0.988584416
1058,0.958711021,0.990647391,0.994457254,0.995463008,0.98610468
1062,0.959742816,0.989530972,0.994457254,0.995463008,0.987875284
1066,0.959742816,0.989902972,0.99473366,0.994640315,0.987166662
1070,0.960569051,0.990213078,0.994457254,0.995463008,0.988939173
1074,0.960775721,0.990647391,0.994180924,0.994640315,0.987520909
1078,0.959329965,0.989902972,0.99473366,0.995668788,0.988584416
1082,0.960775721,0.989530972,0.99473366,0.996286382,0.988939173
1086,0.960155845,0.98928305,0.994457254,0.995668788,0.987520909
1090,0.962016675,0.989902972,0.993628496,0.995257271,0.987520909
1094,0.960982436,0.989407003,0.993628496,0.994434748,0.987166662
1098,0.962430683,0.989097149,0.993076374,0.995463008,0.988939173
1102,0.961602846,0.990151049,0.99252456,0.994229223,0.986812541
1106,0.961602846,0.989530972,0.99252456,0.994229223,0.987520909
1110,0.960982436,0.990709451,0.990595621,0.995668788,0.986812541
1114,0.961602846,0.989778956,0.988670432,0.995463008,0.988584416
1118,0.961189195,0.991454477,0.986748984,0.994640315,0.986812541
1122,0.960775721,0.990399189,0.98592665,0.995257271,0.987875284
1126,0.961809738,0.990833583,0.985105001,0.995051576,0.987875284
1130,0.960982436,0.990585334,0.985105001,0.995668788,0.987520909
1134,0.962844868,0.990833583,0.984831271,0.994229223,0.987875284
1138,0.960982436,0.990771515,0.986748984,0.994229223,0.987166662
1142,0.962223657,0.990213078,0.985378808,0.995668788,0.988584416
1146,0.961602846,0.990213078,0.98592665,0.995668788,0.987166662
1150,0.962223657,0.990647391,0.98894523,0.995463008,0.989294057
1154,0.963052028,0.990895655,0.990320365,0.995463008,0.988229787
1158,0.962430683,0.991206072,0.992248767,0.994229223,0.988584416
1162,0.964088495,0.991827199,0.993352397,0.994229223,0.988229787
1166,0.964088495,0.990833583,0.99473366,0.995463008,0.988229787
1170,0.965126077,0.990027003,0.995010143,0.995668788,0.988229787
1174,0.964088495,0.990895655,0.994180924,0.995668788,0.987520909
1178,0.965333727,0.990399189,0.994180924,0.99587461,0.988584416
1182,0.964503393,0.990833583,0.994180924,0.996286382,0.988584416
1186,0.965749162,0.990585334,0.994457254,0.995668788,0.988584416
1190,0.965333727,0.99101981,0.995010143,0.996698324,0.987166662
1194,0.966580568,0.990771515,0.995286703,0.996698324,0.988939173
1198,0.965749162,0.991081894,0.99473366,0.996698324,0.987875284
1202,0.965333727,0.990399189,0.995286703,0.996492332,0.988229787
1206,0.965541422,0.991765069,0.994457254,0.996492332,0.987875284
1210,0.965541422,0.990957731,0.994457254,0.995668788,0.988584416
1214,0.965749162,0.990027003,0.994457254,0.99587461,0.988229787
1218,0.965126077,0.990647391,0.993628496,0.994229223,0.988229787
1222,0.965333727,0.989902972,0.99252456,0.993202237,0.988584416
1226,0.964503393,0.990027003,0.993628496,0.991766238,0.988229787
1230,0.965541422,0.991081894,0.992800429,0.985839186,0.988229787
1234,0.965126077,0.991516587,0.992248767,0.97590489,0.987520909
1238,0.964918471,0.991454477,0.99142185,0.960495722,0.987520909
1242,0.965333727,0.991081894,0.989495055,0.952390354,0.986458547
1246,0.96471091,0.989654956,0.990320365,0.95179997,0.986812541
1250,0.964918471,0.990585334,0.989220104,0.929058258,0.98575094
1254,0.965333727,0.990089024,0.989220104,0.885374964,0.985397327
1258,0.965956947,0.99139237,0.987297588,0.847415948,0.986458547
1262,0.965541422,0.991268168,0.986200685,0.790723576,0.986458547
1266,0.966164776,0.991516587,0.984010535,0.670903292,0.987520909
1270,0.965541422,0.992075759,0.982098143,0.532146385,0.987875284
1274,0.965749162,0.991268168,0.977740908,0.302230881,0.988939173
1278,0.966580568,0.991081894,0.972862121,0.126569773,0.988229787
1282,0.96637265,0.992013613,0.968276733,0.158324331,0.988584416
1286,0.966580568,0.991827199,0.968815066,0.372625703,0.988229787
1290,0.96699654,0.992386546,0.969892632,0.84374561,0.988939173
1294,0.967204593,0.991951471,0.968815066,0.960694274,0.988584416
1298,0.966788532,0.992075759,0.969353699,0.985635438,0.988584416
1302,0.96637265,0.993070621,0.966932207,0.994229223,0.988939173
1306,0.96699654,0.991702943,0.968276733,0.99587461,0.988229787
1310,0.96699654,0.992510889,0.971241274,0.997110437,0.988584416
1314,0.96699654,0.992697431,0.975840701,0.996904359,0.988229787
1318,0.96699654,0.991765069,0.977740908,0.997316557,0.989294057
1322,0.96637265,0.99164082,0.976926081,0.996080475,0.988939173
1326,0.966164776,0.990771515,0.975298463,0.99587461,0.989649068
1330,0.966788532,0.990957731,0.972051359,0.995257271,0.988584416
1334,0.96637265,0.990585334,0.972321538,0.996080475,0.989294057
1338,0.967620833,0.992324381,0.971511228,0.996904359,0.988939173
1342,0.967204593,0.992324381,0.967738698,0.995257271,0.988939173
1346,0.96699654,0.991765069,0.969353699,0.995668788,0.989294057
1350,0.96741269,0.991889333,0.967200962,0.996080475,0.989294057
1354,0.968662216,0.991516587,0.958637717,0.996286382,0.989649068
1358,0.96782902,0.991889333,0.954915177,0.996286382,0.989294057
1362,0.96782902,0.992573066,0.946197713,0.996492332,0.989294057
1366,0.968245528,0.991143981,0.932622322,0.996492332,0.988939173
1370,0.968037252,0.99164082,0.917965265,0.996080475,0.988939173
1374,0.968662216,0.992137909,0.902033208,0.996286382,0.989294057
1378,0.968662216,0.991827199,0.899279911,0.996286382,0.989294057
1382,0.968870628,0.992013613,0.88835051,0.996286382,0.988229787
1386,0.968245528,0.992573066,0.886870465,0.996492332,0.988584416
1390,0.969287585,0.992324381,0.887116968,0.996286382,0.989294057
1394,0.969287585,0.993070621,0.866166139,0.996492332,0.988584416
1398,0.968870628,0.993817422,0.865444296,0.996904359,0.989649068
1402,0.96782902,0.992884009,0.891070344,0.996492332,0.989294057
1406,0.968662216,0.99226222,0.917455186,0.996492332,0.989294057
1410,0.96845385,0.992510889,0.935737715,0.997316557,0.989294057
1414,0.969287585,0.992510889,0.941476322,0.996286382,0.990004207
1418,0.96949613,0.992821812,0.940430327,0.997935173,0.990359473
1422,0.969079084,0.991206072,0.936518188,0.996492332,0.988939173
1426,0.969913357,0.992137909,0.928484594,0.995668788,0.989649068
1430,0.970122037,0.993132833,0.916945391,0.995463008,0.988939173
1434,0.970539533,0.994191034,0.898280798,0.995668788,0.990004207
1438,0.969913357,0.993755168,0.879751601,0.996286382,0.989649068
1442,0.969704721,0.992573066,0.85516374,0.996698324,0.990004207
1446,0.970122037,0.993506187,0.838455473,0.995668788,0.989649068
1450,0.970330762,0.992821812,0.81956442,0.996492332,0.989649068
1454,0.970330762,0.993879681,0.806011904,0.99587461,0.989649068
1458,0.969704721,0.991143981,0.786102172,0.997728925,0.990004207
1462,0.970330762,0.993506187,0.759474051,0.996698324,0.989649068
1466,0.970748348,0.994627091,0.749618545,0.996698324,0.990004207
1470,0.971166113,0.993319493,0.767963714,0.995463008,0.989649068
1474,0.969704721,0.993008413,0.797544793,0.996904359,0.990359473
1478,0.970539533,0.993257269,0.815248315,0.996698324,0.990714867
1482,0.970748348,0.993755168,0.812082579,0.996492332,0.989649068
1486,0.970748348,0.992448716,0.825049019,0.995463008,0.990004207
1490,0.970539533,0.994751714,0.845475104,0.996904359,0.990004207
1494,0.970330762,0.991765069,0.866888584,0.994229223,0.990004207
1498,0.970539533,0.992635246,0.887856887,0.995051576,0.990004207
1502,0.970957208,0.992884009,0.907565115,0.995463008,0.990359473
1506,0.970330762,0.994191034,0.922825176,0.993612904,0.990359473
1510,0.96949613,0.994502484,0.937038864,0.995668788,0.990004207
1514,0.971166113,0.994066481,0.951207093,0.99279174,0.990714867
1518,0.970748348,0.994627091,0.95943729,0.992586555,0.990359473
1522,0.969913357,0.993506187,0.966394919,0.993818301,0.990359473
1526,0.96949613,0.993692917,0.973403004,0.994434748,0.989294057
1530,0.970122037,0.992946209,0.978556414,0.994640315,0.990004207
1534,0.970748348,0.995188017,0.982371114,0.992381412,0.989649068
1538,0.96949613,0.992013613,0.983463758,0.983803599,0.988939173
1542,0.969287585,0.993568426,0.985105001,0.99279174,0.989294057
1546,0.970748348,0.993817422,0.987572004,0.996286382,0.988939173
1550,0.971375063,0.993257269,0.987846497,0.994434748,0.987520909
1554,0.971375063,0.993195049,0.987846497,0.993407549,0.986812541
1558,0.969704721,0.992013613,0.986474797,0.994229223,0.985397327
1562,0.969079084,0.992386546,0.986200685,0.993612904,0.984337249
1566,0.970957208,0.993443952,0.988395711,0.992996967,0.983984143
1570,0.970539533,0.993879681,0.987572004,0.994434748,0.982925586
1574,0.971166113,0.993630669,0.988670432,0.99587461,0.983278312
1578,0.969704721,0.992821812,0.986748984,0.99587461,0.981515947
1582,0.970957208,0.993568426,0.988121065,0.995668788,0.982572986
1586,0.971793097,0.994377892,0.989220104,0.996698324,0.982572986
1590,0.971375063,0.993817422,0.988670432,0.996904359,0.983984143
1594,0.972629707,0.99400421,0.989770082,0.995668788,0.984690482
1598,0.972002182,0.99338172,0.98894523,0.996698324,0.98575094
1602,0.972211312,0.994066481,0.990320365,0.996492332,0.987166662
1606,0.971584058,0.993506187,0.989495055,0.996904359,0.988939173
1610,0.972002182,0.992697431,0.990320365,0.995463008,0.988939173
1614,0.972629707,0.993195049,0.990595621,0.996698324,0.988939173
1618,0.970957208,0.993319493,0.989220104,0.997110437,0.989649068
1622,0.972420487,0.994627091,0.991146364,0.996698324,0.990004207
1626,0.971793097,0.993817422,0.989495055,0.996286382,0.989649068
1630,0.973257636,0.99400421,0.991973051,0.996904359,0.990714867
1634,0.972211312,0.992573066,0.98894523,0.996904359,0.989294057
1638,0.972420487,0.993817422,0.990320365,0.99587461,0.990004207
1642,0.972420487,0.992448716,0.990045185,0.996904359,0.990004207
1646,0.973676481,0.992946209,0.991146364,0.996080475,0.990359473
1650,0.971584058,0.993195049,0.98894523,0.996492332,0.989649068
1654,0.971584058,0.992448716,0.988670432,0.997316557,0.990359473
1658,0.971793097,0.992386546,0.989220104,0.997110437,0.989649068
1662,0.974095507,0.994191034,0.991146364,0.997110437,0.991070388
1666,0.973048282,0.993755168,0.990595621,0.996904359,0.990359473
1670,0.973048282,0.993755168,0.990320365,0.996698324,0.991426036
1674,0.972211312,0.993941944,0.989220104,0.996492332,0.990359473
1678,0.974934098,0.994440186,0.992248767,0.996698324,0.991426036
1682,0.973885971,0.993630669,0.99142185,0.996286382,0.990359473
1686,0.972420487,0.992573066,0.990320365,0.996492332,0.990359473
1690,0.974934098,0.99400421,0.992800429,0.99587461,0.990714867
1694,0.974934098,0.993941944,0.99252456,0.996080475,0.990004207
1698,0.973257636,0.992884009,0.990320365,0.996698324,0.988939173
1702,0.973676481,0.995686883,0.99142185,0.997316557,0.986812541
1706,0.974305087,0.994938677,0.99252456,0.996492332,0.985397327
1710,0.975143859,0.995125676,0.993076374,0.99587461,0.982925586
1714,0.974934098,0.994751714,0.993352397,0.996286382,0.982220513
1718,0.974305087,0.994377892,0.992248767,0.997110437,0.983984143
1722,0.974724383,0.993443952,0.993628496,0.996286382,0.988229787
1726,0.976193339,0.995437419,0.995010143,0.996904359,0.990714867
1730,0.975143859,0.995686883,0.994180924,0.996492332,0.991070388
1734,0.974095507,0.992697431,0.991973051,0.996492332,0.990714867
1738,0.975353665,0.994564785,0.99473366,0.996286382,0.991070388
1742,0.975563515,0.9946894,0.996116844,0.996904359,0.991070388
1746,0.975353665,0.996560502,0.996116844,0.996492332,0.991426036
1750,0.975143859,0.994502484,0.996116844,0.99752272,0.991426036
1754,0.976403371,0.994938677,0.99556334,0.997110437,0.991070388
1758,0.976613447,0.994191034,0.996670656,0.997110437,0.991426036
1762,0.976613447,0.994751714,0.996393712,0.997316557,0.990714867
1766,0.976403371,0.993879681,0.996670656,0.997110437,0.990714867
1770,0.976403371,0.994066481,0.995840054,0.998554173,0.991070388
1774,0.975353665,0.995063339,0.995840054,0.997316557,0.991070388
1778,0.977033737,0.994440186,0.996670656,0.997728925,0.991070388
1782,0.977243949,0.995375062,0.996670656,0.998554173,0.991426036
1786,0.977243949,0.993692917,0.99556334,0.997728925,0.991426036
1790,0.977874858,0.995063339,0.996116844,0.99752272,0.991426036
1794,0.977033737,0.99400421,0.996116844,0.998554173,0.991781813
1798,0.977664509,0.995499779,0.996393712,0.997110437,0.991426036
1802,0.977243949,0.995250361,0.996393712,0.997316557,0.991781813
1806,0.977454207,0.993941944,0.996947678,0.996904359,0.991781813
1810,0.977454207,0.994627091,0.996947678,0.997316557,0.991781813
1814,0.977664509,0.994814031,0.996947678,0.996080475,0.991426036
1818,0.977454207,0.994938677,0.996947678,0.996904359,0.991781813
1822,0.97829569,0.995250361,0.997779204,0.997110437,0.991781813
1826,0.977874858,0.996186,0.996947678,0.997316557,0.992137717
1830,0.977243949,0.994876352,0.997224776,0.99752272,0.991426036
1834,0.977874858,0.995125676,0.998056534,0.997110437,0.992137717
1838,0.97829569,0.994751714,0.997779204,0.996492332,0.992137717
1842,0.977874858,0.996498075,0.997779204,0.996286382,0.991426036
1846,0.977454207,0.995125676,0.997779204,0.99752272,0.992137717
1850,0.977874858,0.996061197,0.998611424,0.997316557,0.991426036
1854,0.97829569,0.996123597,0.998611424,0.996904359,0.991070388
1858,0.97829569,0.996560502,0.998611424,0.996286382,0.991426036
1862,0.977664509,0.996622932,0.998888985,0.996286382,0.992493749
1866,0.978506173,0.996560502,0.998611424,0.996080475,0.992493749
1870,0.977874858,0.997934879,0.998056534,0.997728925,0.992137717
1874,0.978716703,0.994253316,0.99833394,0.996904359,0.992493749
1878,0.978927277,0.995998802,0.99833394,0.996492332,0.992493749
1882,0.978716703,0.995188017,0.998056534,0.99587461,0.991781813
1886,0.979348562,0.996248407,0.997779204,0.996286382,0.992137717
1890,0.978716703,0.994377892,0.997224776,0.996286382,0.991781813
1894,0.978927277,0.995686883,0.997779204,0.996286382,0.992137717
1898,0.978716703,0.99593641,0.997224776,0.996286382,0.991426036
1902,0.979137897,0.995562143,0.997224776,0.996080475,0.991070388
1906,0.978506173,0.996373233,0.996670656,0.996080475,0.991781813
1910,0.978506173,0.9946894,0.997224776,0.996080475,0.991781813
1914,0.978506173,0.995874023,0.996670656,0.996080475,0.992137717
1918,0.979348562,0.993755168,0.997224776,0.996286382,0.992493749
1922,0.979137897,0.994627091,0.997224776,0.996492332,0.992493749
1926,0.979137897,0.994253316,0.997779204,0.996080475,0.991781813
1930,0.979980829,0.994814031,0.998056534,0.996080475,0.992493749
1934,0.979137897,0.994377892,0.997779204,0.996080475,0.992849908
1938,0.979559272,0.994627091,0.996947678,0.996080475,0.992493749
1942,0.978927277,0.994627091,0.997224776,0.996492332,0.991781813
1946,0.980613505,0.994502484,0.998056534,0.996080475,0.992493749
1950,0.979980829,0.99531271,0.998611424,0.996698324,0.992137717
1954,0.980191676,0.993319493,0.998611424,0.997316557,0.991781813
1958,0.979348562,0.993692917,0.999444338,0.996080475,0.992849908
1962,0.979559272,0.992013613,0.998888985,0.997110437,0.992849908
1966,0.979980829,0.9946894,0.999166623,0.997316557,0.992137717
1970,0.979770028,0.99139237,0.998611424,0.99752272,0.992137717
1974,0.979980829,0.992573066,0.999444338,0.996286382,0.992137717
1978,0.980191676,0.991516587,0.998611424,0.997316557,0.992493749
1982,0.980613505,0.991827199,0.999444338,0.99752272,0.993206196
1986,0.980191676,0.989407003,0.998888985,0.996080475,0.992493749
1990,0.981246589,0.984029363,0.999444338,0.99752272,0.992849908
1994,0.979770028,0.981997224,0.999444338,0.99752272,0.992493749
1998,0.980191676,0.976965816,0.999166623,0.99752272,0.992849908
2002,0.979770028,0.976598678,0.999166623,0.99752272,0.992137717
2006,0.980402568,0.969406269,0.998611424,0.99752272,0.993206196
2010,0.980402568,0.959618147,0.999166623,0.99752272,0.992493749
2014,0.980613505,0.943110087,0.998888985,0.99752272,0.992137717
2018,0.980824487,0.936281612,0.998888985,0.99752272,0.992493749
2022,0.980613505,0.93657492,0.99833394,0.99752272,0.992849908
2026,0.980824487,0.930201574,0.996947678,0.997316557,0.992493749
2030,0.980191676,0.912140191,0.996670656,0.99752272,0.992849908
2034,0.981880082,0.881690051,0.997224776,0.99752272,0.993206196
2038,0.980402568,0.869186499,0.997224776,0.99752272,0.992137717
2042,0.981035515,0.865654482,0.997224776,0.99752272,0.992849908
2046,0.981246589,0.855733784,0.997224776,0.996698324,0.992849908
2050,0.980824487,0.835237445,0.996947678,0.997316557,0.992849908
2054,0.981035515,0.828307432,0.997501951,0.997316557,0.992137717
2058,0.981246589,0.807051164,0.99833394,0.997316557,0.992849908
2062,0.981246589,0.790934894,0.998611424,0.997728925,0.992849908
2066,0.981246589,0.757665339,0.998056534,0.99752272,0.992849908
2070,0.981880082,0.728300208,0.99833394,0.996492332,0.992493749
2074,0.981880082,0.715636947,0.99833394,0.997728925,0.992493749
2078,0.980613505,0.696704452,0.998888985,0.99752272,0.993206196
2082,0.981457708,0.684033274,0.998611424,0.997728925,0.992493749
2086,0.982936812,0.679378461,0.998611424,0.997728925,0.992849908
2090,0.981668872,0.686480128,0.998611424,0.997728925,0.992849908
2094,0.982302637,0.672855877,0.99833394,0.996492332,0.992849908
2098,0.983148294,0.665644914,0.99833394,0.99752272,0.992849908
2102,0.983359822,0.6420546,0.998056534,0.99752272,0.992849908
2106,0.983359822,0.638884995,0.99833394,0.996904359,0.993206196
2110,0.982091337,0.610632557,0.997779204,0.997728925,0.992493749
2114,0.983148294,0.608761056,0.997501951,0.996698324,0.993206196
2118,0.982725375,0.611781213,0.997501951,0.996286382,0.992849908
2122,0.983359822,0.616011466,0.997501951,0.996492332,0.992849908
2126,0.982936812,0.642980349,0.996670656,0.997728925,0.993562611
2130,0.982725375,0.652638557,0.996947678,0.996286382,0.993206196
2134,0.982936812,0.692050113,0.996670656,0.996492332,0.992849908
2138,0.983783015,0.685620588,0.997501951,0.996492332,0.993206196
2142,0.983783015,0.861866821,0.996947678,0.996492332,0.992849908
2146,0.982936812,0.839223453,0.997779204,0.996492332,0.993562611
2150,0.984206389,0.727616173,0.99833394,0.996492332,0.993206196
2154,0.983359822,0.666479412,0.998056534,0.996492332,0.993919154
2158,0.984206389,0.619067593,0.997501951,0.996492332,0.993206196
2162,0.983783015,0.586635197,0.997224776,0.996080475,0.992493749
2166,0.984418145,0.5802392,0.997779204,0.995668788,0.993206196
2170,0.983783015,0.547606661,0.997501951,0.993202237,0.993206196
2174,0.983994679,0.547195163,0.997501951,0.9909466,0.993919154
2178,0.984418145,0.534490512,0.997501951,0.989513863,0.993562611
2182,0.984629946,0.545996728,0.997501951,0.986042977,0.993206196
2186,0.984418145,0.541263082,0.997779204,0.985839186,0.993562611
2190,0.983994679,0.55883483,0.997224776,0.993407549,0.993562611
2194,0.985053685,0.574740437,0.997501951,0.996698324,0.993919154
2198,0.984629946,0.594068496,0.997779204,0.997728925,0.993206196
2202,0.985265623,0.617673052,0.997779204,0.997110437,0.992849908
2206,0.983994679,0.643625135,0.997779204,0.997728925,0.993206196
2210,0.984629946,0.675558922,0.997501951,0.997316557,0.993919154
2214,0.983571396,0.700775232,0.996947678,0.998141464,0.993919154
2218,0.983359822,0.737205214,0.997501951,0.997316557,0.993919154
2222,0.981246589,0.766257079,0.997779204,0.997728925,0.993206196
2226,0.980402568,0.801509009,0.997224776,0.997935173,0.994275825
2230,0.978716703,0.82747763,0.998056534,0.997935173,0.993562611
2234,0.975143859,0.860518105,0.998056534,0.996698324,0.994275825
2238,0.971375063,0.884622249,0.99833394,0.997935173,0.993919154
2242,0.965126077,0.907580408,0.998611424,0.997728925,0.993206196
2246,0.959742816,0.929211483,0.999166623,0.998141464,0.994275825
2250,0.951110136,0.948561169,0.998611424,0.997935173,0.993919154
2254,0.944178681,0.966798496,0.99833394,0.996904359,0.993562611
2258,0.934479008,0.974703995,0.998611424,0.997110437,0.993919154
2262,0.92647211,0.986127482,0.998611424,0.997110437,0.994275825
2266,0.914590214,0.989407003,0.998056534,0.99752272,0.993562611
2270,0.903637967,0.992697431,0.998056534,0.99752272,0.994632624
2274,0.883644849,0.993008413,0.99833394,0.997316557,0.994275825
2278,0.85411394,0.996498075,0.99833394,0.997110437,0.994632624
2282,0.819906086,0.99531271,0.998056534,0.998967053,0.995346606
2286,0.761419842,0.994814031,0.99833394,0.998760592,0.995346606
2290,0.683915773,0.994502484,0.998611424,0.998967053,0.996418541
2294,0.588050685,0.99400421,0.999166623,0.998141464,0.997133805
2298,0.512853448,0.994502484,0.999444338,0.99752272,0.998207664
2302,0.477090534,0.991765069,0.998888985,0.998967053,0.998207664
2306,0.409775312,0.995811639,0.999166623,0.998554173,0.998207664
2310,0.321897297,0.991702943,1,0.996904359,0.99928268
2314,0.343948777,0.993879681,0.998888985,0.997728925,0.998565874
2318,0.32453958,0.992884009,0.99972213,0.996904359,0.996776109
2322,0.276955351,0.992137909,0.998611424,0.99587461,0.994275825
2326,0.276717127,0.990895655,0.998888985,0.995463008,0.993206196
2330,0.257975142,0.990709451,0.997779204,0.995257271,0.992493749
2334,0.255709716,0.995499779,0.99833394,0.995257271,0.991426036
2338,0.262114882,0.994315602,0.996670656,0.993818301,0.992849908
2342,0.228547655,0.996061197,0.997224776,0.993202237,0.992849908
2346,0.225956573,0.992697431,0.998056534,0.995668788,0.993206196
2350,0.277014939,0.995499779,0.996116844,0.996080475,0.993562611
2354,0.223875975,0.991143981,0.996116844,0.993202237,0.992137717
2358,0.116332216,0.992946209,0.995286703,0.994023741,0.993206196
2362,0.132331907,0.995749259,0.99833394,0.993407549,0.993562611
2366,0.135180528,0.994627091,0.997224776,0.99752272,0.994632624
2370,0.20737023,0.995250361,0.99833394,0.994229223,0.993919154
2374,0.297332005,0.993879681,0.996393712,0.995463008,0.994275825
2378,0.418596276,0.995686883,0.99556334,0.996698324,0.994989551
2382,0.542356788,0.994191034,0.995286703,0.997110437,0.99570379
2386,0.703766856,0.998622778,0.995010143,0.997935173,0.996418541
2390,0.885928983,0.997872366,0.995286703,0.997110437,0.994989551
2394,0.974934098,0.999624206,0.99473366,0.998141464,0.994275825
2398,0.986113831,0.997372405,0.994180924,0.997110437,0.994275825
2402,0.988237546,0.997997396,0.993904672,0.998141464,0.994275825
2406,0.985689636,0.997434886,0.995010143,0.998141464,0.993919154
2410,0.987175117,0.998184969,0.994457254,0.997935173,0.994275825
2414,0.986538208,0.997434886,0.994457254,0.997935173,0.994275825
2418,0.987387512,0.997809857,0.993628496,0.998554173,0.994275825
2422,0.986113831,0.998998196,0.993628496,0.997728925,0.994275825
2426,0.987812437,0.998435122,0.993076374,0.998760592,0.994275825
2430,0.987599952,0.999498973,0.99252456,0.99752272,0.994632624
2434,0.987387512,0.997747352,0.99252456,0.997316557,0.993919154
2438,0.988662838,0.998059916,0.99252456,0.997316557,0.994275825
2442,0.988450169,0.997247454,0.993904672,0.99752272,0.994275825
2446,0.98951397,0.997872366,0.993904672,0.998141464,0.994632624
2450,0.987812437,0.997684851,0.994457254,0.998141464,0.993919154
2454,0.98951397,0.997809857,0.995010143,0.996904359,0.993919154
2458,0.988450169,0.998497671,0.99556334,0.997110437,0.994275825
2462,0.98951397,0.997934879,0.996393712,0.998141464,0.994632624
2466,0.988662838,0.998685338,0.997501951,0.998141464,0.994275825
2470,0.989939811,0.997434886,0.997224776,0.998554173,0.993562611
2474,0.989939811,0.998622778,0.997779204,0.997110437,0.994275825
2478,0.989088312,0.997997396,0.997779204,0.997110437,0.994632624
2482,0.9901528,0.999060779,0.998056534,0.997316557,0.994632624
2486,0.989301118,0.998059916,0.99833394,0.997935173,0.994989551
2490,0.989939811,0.998998196,0.998056534,0.997110437,0.994632624
2494,0.989301118,0.998372578,0.998611424,0.997316557,0.994989551
2498,0.990578916,0.998310038,0.997779204,0.997110437,0.993919154
2502,0.98951397,0.999185958,0.998611424,0.997316557,0.994275825
2506,0.990365835,0.999060779,0.997501951,0.997316557,0.993562611
2510,0.991005215,0.998873041,0.998611424,0.997110437,0.994275825
2514,0.991218434,0.998622778,0.996947678,0.997316557,0.994632624
2518,0.990365835,0.999060779,0.996670656,0.997110437,0.994989551
2522,0.990578916,0.997434886,0.996670656,0.996904359,0.993919154
2526,0.991431698,0.997997396,0.995840054,0.997110437,0.994632624
2530,0.991005215,0.997247454,0.996670656,0.99752272,0.994275825
2534,0.991645008,0.998184969,0.997501951,0.996492332,0.994275825
2538,0.991218434,0.997997396,0.996670656,0.996080475,0.994275825
2542,0.991858364,0.997747352,0.996393712,0.996080475,0.994632624
2546,0.991218434,0.999185958,0.996393712,0.996286382,0.994632624
2550,0.991005215,0.997684851,0.996116844,0.997110437,0.994989551
2554,0.991645008,0.997247454,0.995286703,0.996080475,0.994275825
2558,0.991645008,0.996622932,0.996393712,0.996080475,0.994632624
2562,0.992285214,0.997997396,0.99556334,0.996286382,0.994989551
2566,0.992285214,0.996747805,0.99556334,0.997110437,0.994275825
2570,0.991645008,0.997622354,0.99473366,0.996080475,0.994275825
2574,0.992071766,0.997122518,0.993628496,0.996080475,0.994989551
2578,0.992071766,0.996997598,0.991973051,0.996286382,0.994989551
2582,0.992712248,0.996810247,0.990870954,0.996286382,0.994989551
2586,0.992498708,0.996997598,0.989220104,0.996286382,0.994275825
2590,0.992712248,0.996685367,0.987846497,0.996080475,0.995346606
2594,0.992498708,0.996747805,0.986748984,0.996080475,0.994275825
2598,0.992285214,0.997934879,0.986200685,0.997316557,0.994275825
2602,0.992498708,0.996935144,0.985652691,0.997316557,0.994989551
2606,0.993139465,0.998310038,0.984557616,0.997110437,0.993919154
2610,0.993139465,0.997060056,0.985105001,0.997110437,0.994632624
2614,0.993780636,0.998247502,0.984557616,0.997110437,0.994275825
2618,0.992285214,0.998122441,0.983737108,0.998760592,0.994989551
2622,0.993566866,0.997872366,0.982644161,0.997110437,0.994989551
2626,0.992925833,0.997934879,0.982371114,0.997316557,0.994989551
2630,0.992925833,0.998122441,0.981279685,0.997316557,0.994632624
2634,0.993353142,0.998497671,0.982371114,0.997935173,0.994989551
2638,0.993566866,0.997184984,0.982371114,0.997316557,0.994632624
2642,0.993566866,0.997934879,0.982917284,0.997316557,0.994989551
2646,0.993994451,0.996435652,0.982917284,0.997728925,0.994632624
2650,0.994636174,0.998122441,0.981552429,0.998554173,0.994275825
2654,0.993994451,0.996997598,0.981007017,0.998554173,0.994632624
2658,0.993780636,0.998184969,0.981279685,0.997316557,0.994632624
2662,0.993566866,0.997497372,0.981825248,0.99752272,0.994989551
2666,0.993994451,0.998184969,0.981007017,0.998760592,0.994275825
2670,0.993780636,0.997934879,0.982098143,0.998554173,0.994632624
2674,0.993994451,0.997559861,0.982917284,0.997110437,0.994989551
2678,0.99442222,0.998935617,0.981825248,0.998554173,0.994632624
2682,0.995278311,0.998059916,0.979917104,0.997316557,0.994632624
2686,0.994636174,0.997934879,0.981552429,0.998554173,0.995346606
2690,0.994636174,0.996685367,0.982371114,0.997110437,0.994989551
2694,0.993994451,0.996997598,0.982371114,0.997728925,0.994275825
2698,0.993780636,0.997809857,0.982644161,0.99752272,0.993919154
2702,0.993994451,0.997747352,0.982371114,0.997728925,0.994989551
2706,0.99442222,0.997872366,0.980734425,0.998760592,0.994275825
2710,0.993994451,0.997372405,0.978284503,0.998760592,0.994632624
2714,0.993139465,0.997122518,0.976654623,0.997316557,0.994632624
2718,0.993780636,0.997247454,0.974485672,0.99752272,0.993919154
2722,0.99442222,0.997497372,0.972051359,0.998760592,0.993919154
2726,0.993994451,0.996685367,0.966932207,0.998554173,0.994632624
2730,0.993566866,0.997622354,0.963177458,0.997316557,0.994632624
2734,0.993994451,0.997122518,0.959703963,0.99752272,0.994989551
2738,0.993353142,0.997934879,0.957572656,0.99752272,0.994275825
2742,0.99442222,0.997559861,0.958105038,0.998141464,0.994989551
2746,0.99442222,0.997122518,0.957306576,0.998141464,0.994275825
2750,0.99442222,0.998747902,0.955977283,0.998760592,0.994989551
2754,0.994208313,0.998747902,0.953854252,0.998760592,0.994632624
2758,0.993353142,0.998497671,0.955446082,0.997935173,0.994275825
2762,0.993139465,0.997747352,0.958371341,0.998554173,0.995346606
2766,0.993353142,0.997622354,0.961305555,0.998760592,0.994632624
2770,0.993780636,0.997809857,0.961840013,0.998760592,0.994275825
2774,0.993994451,0.998310038,0.962107353,0.998554173,0.994632624
2778,0.993994451,0.998435122,0.96023753,0.998554173,0.994632624
2782,0.993139465,0.998560222,0.958637717,0.998554173,0.994989551
2786,0.993566866,0.997622354,0.956774637,0.998760592,0.994632624
2790,0.994208313,0.999123367,0.954915177,0.998760592,0.994989551
2794,0.993353142,0.999185958,0.951735936,0.998760592,0.994275825
2798,0.99442222,0.998435122,0.947513407,0.998760592,0.994989551
2802,0.994208313,0.997184984,0.942261581,0.99752272,0.995346606
2806,0.994208313,0.998247502,0.935737715,0.997935173,0.994632624
2810,0.993780636,0.998059916,0.929000804,0.998760592,0.994275825
2814,0.993139465,0.997934879,0.919497202,0.998760592,0.994632624
2818,0.992712248,0.998435122,0.908574555,0.998554173,0.995346606
2822,0.993566866,0.998622778,0.895290112,0.997728925,0.994632624
2826,0.992498708,0.998998196,0.878774184,0.99752272,0.995346606
2830,0.992498708,0.998184969,0.862083641,0.998760592,0.995346606
2834,0.993139465,0.997934879,0.838688519,0.998760592,0.995346606
2838,0.993566866,0.997872366,0.814342562,0.998554173,0.995346606
2842,0.993353142,0.996560502,0.782397039,0.998967053,0.99570379
2846,0.993139465,0.997497372,0.748785707,0.998760592,0.994989551
2850,0.993566866,0.996935144,0.706925891,0.998554173,0.99570379
2854,0.993780636,0.997559861,0.657099847,0.999173557,0.99570379
2858,0.992712248,0.997747352,0.604201471,0.997728925,0.994989551
2862,0.993353142,0.998372578,0.549419956,0.998141464,0.996418541
2866,0.993139465,0.998122441,0.49932774,0.998141464,0.996061101
2870,0.993139465,0.997434886,0.43782185,0.998760592,0.995346606
2874,0.993139465,0.998184969,0.371817101,0.998967053,0.995346606
2878,0.993566866,0.998560222,0.349182537,0.998554173,0.994989551
2882,0.993780636,0.997622354,0.355942955,0.997728925,0.99570379
2886,0.993353142,0.997309927,0.354955134,0.998967053,0.99570379
2890,0.993780636,0.998372578,0.345514393,0.998967053,0.996061101
2894,0.993566866,0.997934879,0.326743269,0.998967053,0.995346606
2898,0.993994451,0.998435122,0.311752083,0.998967053,0.994632624
2902,0.993353142,0.997559861,0.310541501,0.998967053,0.994989551
2906,0.993139465,0.997872366,0.315324574,0.998967053,0.994989551
2910,0.993566866,0.997622354,0.310282703,0.99752272,0.994275825
2914,0.994208313,0.998622778,0.298110745,0.998967053,0.994632624
2918,0.993780636,0.998247502,0.281054473,0.998967053,0.996061101
2922,0.993780636,0.998435122,0.244592706,0.997935173,0.99570379
2926,0.993994451,0.997934879,0.210625103,0.998760592,0.99570379
2930,0.993780636,0.998435122,0.178474636,0.998760592,0.996418541
2934,0.993353142,0.997934879,0.159033456,0.99752272,0.996061101
2938,0.993139465,0.997060056,0.147373141,0.998967053,0.99570379
2942,0.993566866,0.996935144,0.144092749,0.998967053,0.996061101
2946,0.993780636,0.996498075,0.129940328,0.998967053,0.99570379
2950,0.993780636,0.997622354,0.114633345,0.998760592,0.996061101
2954,0.993353142,0.996435652,0.10003936,0.997728925,0.994989551
2958,0.993353142,0.997122518,0.083762077,0.99752272,0.99570379
2962,0.993566866,0.998059916,0.080052392,0.998967053,0.996061101
2966,0.993353142,0.997559861,0.062095482,0.997935173,0.995346606
2970,0.993566866,0.997747352,0.089938389,0.998141464,0.995346606
2974,0.994208313,0.996685367,0.122165869,0.998141464,0.996061101
2978,0.994850173,0.997184984,0.129004813,0.997935173,0.99570379
2982,0.99442222,0.997559861,0.136605718,0.998967053,0.996061101
2986,0.99442222,0.996747805,0.164517903,0.998967053,0.99570379
2990,0.993780636,0.996248407,0.233111361,0.998760592,0.996061101
2994,0.993780636,0.997060056,0.329845259,0.998760592,0.996418541
2998,0.994208313,0.996310818,0.439406477,0.99752272,0.995346606
3002,0.993780636,0.995686883,0.54364833,0.998760592,0.994632624
3006,0.993566866,0.997684851,0.634312439,0.998760592,0.995346606
3010,0.994636174,0.998247502,0.713240665,0.998967053,0.996418541
3014,0.995278311,0.996872694,0.777411993,0.998967053,0.996418541
3018,0.994850173,0.997497372,0.82941701,0.997728925,0.99570379
3022,0.99442222,0.997372405,0.866406887,0.998141464,0.996061101
3026,0.993994451,0.997747352,0.893550146,0.999586693,0.99570379
3030,0.994208313,0.998184969,0.911862996,0.998760592,0.996061101
3034,0.994208313,0.997997396,0.924365223,0.998967053,0.99570379
3038,0.994636174,0.997184984,0.932622322,0.998967053,0.995346606
3042,0.994208313,0.997060056,0.937820423,0.998554173,0.996776109
3046,0.993994451,0.996622932,0.940953179,0.998760592,0.994989551
3050,0.994208313,0.996997598,0.942785451,0.998760592,0.996418541
3054,0.993780636,0.996810247,0.944358809,0.998760592,0.996418541
3058,0.994850173,0.997309927,0.944358809,0.998967053,0.994989551
3062,0.993994451,0.997434886,0.944358809,0.99752272,0.996418541
3066,0.994850173,0.997060056,0.944358809,0.998967053,0.99570379
3070,0.993994451,0.997060056,0.944358809,0.997728925,0.996061101
3074,0.993566866,0.998184969,0.943309612,0.997728925,0.995346606
3078,0.993139465,0.996560502,0.944096401,0.998554173,0.995346606
3082,0.994850173,0.997309927,0.944096401,0.998141464,0.99570379
3086,0.994208313,0.997247454,0.944883845,0.997316557,0.99570379
3090,0.993780636,0.995998802,0.946723771,0.997935173,0.996061101
3094,0.994208313,0.997184984,0.949886269,0.999173557,0.99570379
3098,0.993139465,0.996997598,0.954119373,0.999173557,0.99570379
3102,0.993780636,0.998184969,0.955977283,0.998967053,0.996418541
3106,0.993566866,0.997747352,0.95943729,0.998967053,0.99570379
3110,0.993139465,0.998747902,0.962374768,0.99752272,0.99570379
3114,0.992712248,0.997872366,0.964516763,0.998967053,0.996061101
3118,0.993566866,0.997184984,0.966663526,0.999173557,0.99570379
3122,0.992712248,0.996560502,0.967469793,0.999173557,0.99570379
3126,0.991858364,0.996997598,0.968815066,0.998967053,0.996061101
3130,0.992071766,0.996810247,0.969892632,0.997935173,0.996061101
3134,0.991858364,0.997247454,0.969353699,0.998967053,0.996061101
3138,0.991645008,0.997684851,0.969084345,0.998141464,0.996061101
3142,0.991645008,0.996560502,0.969623128,0.999380104,0.996061101
3146,0.992498708,0.998059916,0.969353699,0.998760592,0.996061101
3150,0.992925833,0.996997598,0.968815066,0.998760592,0.996061101
3154,0.992285214,0.996810247,0.969084345,0.999173557,0.996061101
3158,0.992071766,0.997060056,0.967469793,0.998967053,0.996418541
3162,0.991431698,0.997060056,0.967469793,0.99752272,0.994989551
3166,0.991431698,0.996747805,0.967200962,0.99752272,0.994989551
3170,0.991645008,0.997809857,0.967469793,0.998967053,0.996776109
3174,0.991005215,0.998873041,0.968007678,0.999173557,0.996418541
3178,0.991218434,0.997309927,0.968276733,0.997935173,0.99570379
3182,0.991645008,0.997872366,0.969353699,0.999380104,0.996776109
3186,0.991431698,0.996186,0.970971396,0.998967053,0.996061101
3190,0.991645008,0.996997598,0.970971396,0.999173557,0.996061101
3194,0.991218434,0.99593641,0.974485672,0.999173557,0.996061101
3198,0.991431698,0.998685338,0.976111933,0.998760592,0.99570379
3202,0.991858364,0.997809857,0.977197614,0.99752272,0.994989551
3206,0.991858364,0.997372405,0.978012668,0.998141464,0.996061101
3210,0.991218434,0.997872366,0.980189469,0.998967053,0.99570379
3214,0.991218434,0.996186,0.980734425,0.998967053,0.994989551
3218,0.991005215,0.997247454,0.980461909,0.997935173,0.99570379
3222,0.991218434,0.998435122,0.981279685,0.997728925,0.996061101
3226,0.990578916,0.998497671,0.981825248,0.999173557,0.996776109
3230,0.990578916,0.997684851,0.984284037,0.999793325,0.99570379
3234,0.990578916,0.997747352,0.986200685,0.998967053,0.996061101
3238,0.991005215,0.995375062,0.986200685,0.999793325,0.996061101
3242,0.990365835,0.996747805,0.98592665,0.999173557,0.996061101
3246,0.989939811,0.996935144,0.987572004,0.999586693,0.995346606
3250,0.989301118,0.999311152,0.98894523,0.999380104,0.997133805
3254,0.9901528,0.997559861,0.991146364,1,0.997133805
3258,0.989726868,0.998122441,0.991973051,1,0.994989551
3262,0.989726868,0.997684851,0.992800429,0.999173557,0.996061101
3266,0.989939811,0.997060056,0.993352397,1,0.995346606
3270,0.990578916,0.997684851,0.993628496,0.998967053,0.997133805
3274,0.989939811,0.996123597,0.99473366,0.999173557,0.99570379
3278,0.989088312,0.997872366,0.994180924,0.998967053,0.996061101
3282,0.990792043,0.997060056,0.993352397,0.998967053,0.996776109
3286,0.989726868,0.997559861,0.993352397,0.999173557,0.996418541
3290,0.9901528,0.996435652,0.99556334,0.997728925,0.996776109
3294,0.988024969,0.997247454,0.994457254,0.998967053,0.996776109
3298,0.989088312,0.997809857,0.994180924,0.999793325,0.996776109
3302,0.9901528,0.996498075,0.995286703,0.999173557,0.99570379
3306,0.989726868,0.997309927,0.994457254,0.999173557,0.996418541
3310,0.988662838,0.997434886,0.99473366,0.999173557,0.997133805
3314,0.988237546,0.998560222,0.994457254,0.999173557,0.99749163
3318,0.988875552,0.996373233,0.993628496,0.998967053,0.996776109
3322,0.988024969,0.996560502,0.995010143,0.998967053,0.996418541
3326,0.987599952,0.996498075,0.995286703,0.999173557,0.996061101
3330,0.987812437,0.996810247,0.993904672,1,0.996418541
3334,0.988237546,0.997434886,0.994180924,0.998967053,0.997133805
3338,0.987175117,0.995686883,0.995286703,0.998967053,0.997133805
3342,0.988450169,0.99531271,0.99473366,0.997728925,0.997849583
3346,0.989088312,0.997622354,0.994457254,0.999586693,0.997133805
3350,0.986538208,0.996872694,0.993628496,1,0.99749163
3354,0.986538208,0.996622932,0.994180924,0.999586693,0.997133805
3358,0.988662838,0.997997396,0.993076374,0.998141464,0.997849583
3362,0.989088312,0.997122518,0.993352397,0.999380104,0.99749163
3366,0.988024969,0.995624511,0.993076374,0.999380104,0.99749163
3370,0.988024969,0.995874023,0.992800429,0.998967053,0.997133805
3374,0.987387512,0.997247454,0.993076374,0.999173557,0.996776109
3378,0.988237546,0.997184984,0.992248767,0.997935173,0.997133805
3382,0.98951397,0.996248407,0.993076374,0.999173557,0.99749163
3386,0.988450169,0.995375062,0.99142185,0.999173557,0.997133805
3390,0.988237546,0.995188017,0.99142185,0.999173557,0.997133805
3394,0.987812437,0.997309927,0.992800429,1,0.996061101
3398,0.988662838,0.99593641,0.993076374,0.997728925,0.996418541
3402,0.988875552,0.995375062,0.993076374,0.999380104,0.997849583
3406,0.989088312,0.996248407,0.993076374,0.999793325,0.996776109
3410,0.989726868,0.996685367,0.993628496,0.997110437,0.997849583
3414,0.988024969,0.997559861,0.993904672,0.998967053,0.998565874
3418,0.986750466,0.996373233,0.994457254,0.999380104,0.997849583
3422,0.988237546,0.997309927,0.995286703,1,0.99749163
3426,0.988450169,0.995562143,0.995840054,1,0.997133805
3430,0.988450169,0.994751714,0.997224776,1,0.996418541
3434,0.988450169,0.997247454,0.996116844,0.997935173,0.996061101
3438,0.988450169,0.997559861,0.996393712,0.999173557,0.997133805
3442,0.988875552,0.996810247,0.997779204,0.999380104,0.997133805
3446,0.987599952,0.997809857,0.996393712,0.997935173,0.997849583
3450,0.987175117,0.995749259,0.99556334,0.998967053,0.998207664
3454,0.988237546,0.996123597,0.996116844,0.999380104,0.996776109
3458,0.988024969,0.996248407,0.997224776,0.997728925,0.997133805
3462,0.987387512,0.998122441,0.998611424,0.997935173,0.998207664
3466,0.986962769,0.997184984,0.996670656,0.999173557,0.997849583
3470,0.988662838,0.995811639,0.996670656,0.999380104,0.997133805
3474,0.987812437,0.998435122,0.996393712,0.998141464,0.998207664
3478,0.989088312,0.998247502,0.997501951,0.998141464,0.997849583
3482,0.988875552,0.999060779,0.998056534,0.999380104,0.997133805
3486,0.989088312,0.996310818,0.99833394,0.999380104,0.99749163
3490,0.98590171,0.997060056,0.996393712,0.998141464,0.99749163
3494,0.987599952,0.995749259,0.996393712,0.998141464,0.99749163
3498,0.987387512,0.998560222,0.996947678,0.997935173,0.997849583
3502,0.986962769,0.999060779,0.99833394,1,0.997849583
3506,0.98590171,0.997434886,0.996947678,0.998760592,0.997133805
3510,0.98590171,0.995188017,0.998056534,0.999793325,0.997133805
3514,0.986538208,0.995874023,0.99833394,0.999173557,0.998565874
3518,0.98590171,0.995998802,0.998611424,0.999793325,0.998207664
3522,0.987387512,0.997060056,0.99972213,0.99752272,0.998565874
3526,0.985477606,1,0.999444338,1,0.997849583
3530,0.985477606,0.999561587,0.997224776,0.999793325,0.998924213
3534,0.983148294,0.997434886,0.99833394,0.998760592,0.998565874
3538,0.981668872,0.996123597,0.997224776,0.998141464,0.997849583
3542,0.981668872,0.996186,0.997779204,0.998141464,0.997849583
3546,0.97829569,0.995874023,0.999166623,0.999173557,0.997849583
3550,0.977243949,0.997434886,0.998056534,0.997935173,0.997133805
3554,0.974305087,0.995499779,0.997501951,0.998141464,0.99570379
3558,0.971793097,0.996872694,0.997501951,0.998967053,0.996061101
3562,0.968245528,0.996747805,0.995840054,0.999793325,0.998207664
3566,0.965333727,0.997872366,0.998056534,0.998760592,0.99749163
3570,0.963881112,0.997684851,0.997779204,0.998967053,0.99749163
3574,0.962430683,0.995998802,0.996670656,0.999380104,0.997133805
3578,0.960569051,0.997872366,0.997501951,0.999793325,0.998207664
3582,0.956444975,0.995624511,0.997224776,0.997935173,0.997133805
3586,0.944788242,0.995811639,0.997501951,0.999173557,0.99749163
3590,0.934881165,0.998310038,0.997779204,1,0.99749163
3594,0.92647211,0.997309927,0.996670656,0.999173557,0.996776109
3598,0.924282265,0.997809857,0.997224776,0.999173557,0.997849583
3602,0.928667143,0.996872694,0.996670656,0.999380104,0.998207664
3606,0.936491522,0.997497372,0.99556334,0.996698324,0.998207664
3610,0.958092477,0.995250361,0.99473366,0.999173557,0.996776109
3614,0.971375063,0.99881047,0.996116844,0.998141464,0.99749163
3618,0.959536368,0.997497372,0.995010143,0.997728925,0.996776109
3622,0.939922747,0.998435122,0.99473366,0.998554173,0.996776109
3626,0.925874365,0.997747352,0.995286703,0.997728925,0.996418541
3630,0.916954339,0.995188017,0.994457254,0.998760592,0.99749163
3634,0.925277007,0.996373233,0.994180924,0.999380104,0.997133805
3638,0.937499403,0.997809857,0.993904672,0.998141464,0.996418541
3642,0.95192894,0.995188017,0.993628496,0.997728925,0.99749163
3646,0.96637265,0.996248407,0.994180924,0.999173557,0.99749163
3650,0.975143859,0.997247454,0.99473366,1,0.997133805
3654,0.980824487,0.996810247,0.996116844,0.999380104,0.996418541
3658,0.983359822,0.996123597,0.993904672,0.999173557,0.99928268
3662,0.981035515,0.996435652,0.992248767,0.999380104,0.998207664
3666,0.978506173,0.996498075,0.995286703,0.998141464,0.998565874
3670,0.970539533,0.996373233,0.993076374,0.998554173,0.996061101
3674,0.966580568,0.998935617,0.993352397,0.998967053,0.997849583
3678,0.957062456,0.996373233,0.99252456,0.999586693,0.99570379
3682,0.949474641,0.996935144,0.992248767,0.999173557,0.997133805
3686,0.938104653,0.996622932,0.99142185,0.998554173,0.997133805
3690,0.92846738,0.995874023,0.99142185,0.999380104,0.997849583
3694,0.919918092,0.996310818,0.993352397,0.998967053,0.99570379
3698,0.913017517,0.993817422,0.99252456,0.999173557,0.99570379
3702,0.905973782,0.995250361,0.993076374,0.999380104,0.99749163
3706,0.911251466,0.994315602,0.992800429,0.999380104,0.996776109
3710,0.920511991,0.995998802,0.99142185,0.998141464,0.99749163
3714,0.954184286,0.996373233,0.991146364,0.997935173,0.99749163
3718,0.950905545,0.997247454,0.993628496,0.997935173,0.997133805
3722,0.923288593,0.996310818,0.991973051,0.999380104,0.996418541
3726,0.900339201,0.996061197,0.99142185,0.999793325,0.997849583
3730,0.883644849,0.996935144,0.99142185,0.998967053,0.997133805
3734,0.875319956,0.999498973,0.990870954,0.998554173,0.99749163
3738,0.882694865,0.993257269,0.992248767,0.998967053,0.996776109
3742,0.901502094,0.996123597,0.993904672,0.999793325,0.996061101
3746,0.93066714,0.993195049,0.990870954,0.999380104,0.996418541
3750,0.956444975,0.996123597,0.994180924,0.998967053,0.998924213
3754,0.977033737,0.993630669,0.991697412,1,0.996776109
3758,0.985265623,0.996560502,0.994180924,0.997935173,0.99749163
3762,0.989088312,0.994315602,0.993352397,0.998141464,0.99928268
3766,0.991858364,0.995749259,0.993352397,0.999173557,0.998924213
3770,0.991858364,0.997622354,0.993076374,0.998967053,0.99749163
3774,0.991645008,0.99593641,0.994457254,1,0.997849583
3778,0.992498708,0.994315602,0.99473366,0.999380104,0.997849583
3782,0.992285214,0.995125676,0.99473366,0.999380104,0.997849583
3786,0.991218434,0.994564785,0.995286703,0.999380104,0.998207664
3790,0.991645008,0.996872694,0.99473366,1,0.997133805
3794,0.992285214,0.996685367,0.995010143,0.999793325,0.99928268
3798,0.990578916,0.996248407,0.99473366,0.999586693,0.998924213
3802,0.990578916,0.9946894,0.99556334,1,0.997133805
3806,0.988662838,0.996373233,0.992800429,0.999173557,0.99749163
3810,0.992712248,0.993319493,0.995010143,0.999173557,0.998924213
3814,0.988237546,0.99400421,0.993628496,0.999586693,0.99749163
3818,0.985477606,0.992697431,0.995286703,1,0.995346606
3822,0.988024969,0.99531271,0.992800429,0.999173557,0.995346606
3826,0.991218434,0.995375062,0.995010143,0.999380104,0.998565874
3830,0.991005215,0.993070621,0.994180924,0.998554173,0.998207664
3834,0.988875552,0.995749259,0.993628496,0.999173557,0.997849583
3838,0.988450169,0.995188017,0.991146364,0.999380104,0.997849583
3842,0.992925833,0.994128755,0.994457254,0.999173557,0.998924213
3846,0.993353142,0.99881047,0.993352397,0.997935173,0.997849583
3850,0.986962769,0.998435122,0.990595621,0.998554173,0.99928268
3854,0.981668872,0.99226222,0.988121065,0.999173557,0.996418541
3858,0.988875552,0.994751714,0.99252456,0.999173557,0.997849583
3862,0.991431698,0.995749259,0.993352397,0.999586693,0.995346606
3866,0.989726868,0.99593641,0.989220104,0.998967053,0.996776109
3870,0.987175117,0.996685367,0.991973051,1,0.997849583
3874,0.988237546,0.995437419,0.991146364,1,0.998565874
3878,0.992071766,0.997434886,0.99252456,0.999586693,0.99928268
3882,0.988450169,0.997184984,0.99252456,1,0.996061101
3886,0.989301118,0.995125676,0.989495055,0.999793325,0.997849583
3890,0.988875552,0.998622778,0.993352397,0.999380104,0.997849583
3894,0.988662838,0.995125676,0.993628496,0.999586693,0.997849583
3898,0.988450169,0.998184969,0.995286703,0.999793325,0.99928268
3902,0.987387512,0.995250361,0.993904672,1,0.998207664
3906,0.98951397,0.99400421,0.99556334,1,0.997133805
3910,0.988237546,0.994191034,0.994180924,1,0.99928268
3914,0.986113831,0.998497671,0.993904672,0.999380104,0.99749163
3918,0.986325997,0.995437419,0.993628496,0.999173557,0.998924213
3922,0.987812437,0.998122441,0.99473366,0.999380104,0.997849583
3926,0.987812437,0.995375062,0.999166623,0.999586693,0.998207664
3930,0.988662838,0.996435652,0.997224776,1,0.996418541
3934,0.988662838,0.996498075,0.994457254,1,0.998565874
3938,0.988024969,0.997247454,0.993628496,1,0.99928268
3942,0.988450169,0.999123367,0.99473366,1,0.998924213
3946,0.986750466,0.997747352,0.996116844,0.999586693,0.996776109
3950,0.988237546,0.996435652,0.995010143,0.999586693,0.996061101
3954,0.985053685,0.992013613,0.992800429,0.999586693,0.998565874
3958,0.983571396,0.997497372,0.999166623,0.999586693,0.99928268
3962,0.983994679,0.997122518,0.999166623,0.999586693,0.99928268
3966,0.986325997,0.999937358,0.999166623,0.998141464,0.99749163